Date,AB,ACC,AI,AR,BMI,CC,CMC,CNS,CWT,EPC,FL,FORM,GPS,LEG,M,MAC,MD,NOV,PNW,RMBS,SEB,SF,SIX,SM,TRN,VAC,VC,WIRE,ADS,PCI,TCO
2012-01-02,,,,,,,,,,,,,,,,,,,,,,,,,,,,,,,
2012-01-09,20.0,17.0,,,2.0,,25.0,5.0,10.0,14.0,15.0,22.0,7.0,16.0,13.0,9.0,19.0,4.0,11.0,12.0,21.0,18.0,6.0,24.0,1.0,3.0,23.0,8.0,,,
2012-01-16,5.0,20.0,,,11.0,,25.0,14.0,16.0,13.0,4.0,2.0,18.0,10.0,12.0,6.0,8.0,15.0,22.0,3.0,19.0,1.0,17.0,24.0,21.0,7.0,23.0,9.0,,,
2012-01-23,21.0,6.0,,,17.0,,1.0,2.0,14.0,16.0,8.0,24.0,9.0,22.0,23.0,11.0,12.0,5.0,10.0,25.0,4.0,20.0,7.0,15.0,19.0,3.0,18.0,13.0,,,
2012-01-30,3.0,15.0,,,6.0,,12.0,18.0,17.0,24.0,16.0,13.0,1.0,14.0,5.0,22.0,19.0,7.0,23.0,25.0,10.0,11.0,20.0,21.0,9.0,2.0,4.0,8.0,,,
2012-02-06,25.0,17.0,,,22.0,,21.0,20.0,16.0,9.0,11.0,12.0,13.0,24.0,14.0,10.0,6.0,8.0,5.0,3.0,18.0,23.0,1.0,2.0,7.0,4.0,15.0,19.0,,,
2012-02-13,25.0,23.0,,,7.0,,24.0,14.0,12.0,9.0,6.0,21.0,5.0,8.0,13.0,17.0,10.0,15.0,18.0,20.0,16.0,2.0,19.0,4.0,3.0,22.0,1.0,11.0,,,
2012-02-20,2.0,13.0,,,18.0,,9.0,19.0,8.0,16.0,10.0,20.0,14.0,4.0,7.0,17.0,11.0,6.0,15.0,25.0,23.0,22.0,21.0,5.0,12.0,1.0,24.0,3.0,,,
2012-02-27,6.0,10.0,,,24.0,,9.0,23.0,17.0,13.0,7.0,4.0,1.0,14.0,5.0,8.0,20.0,19.0,11.0,25.0,21.0,18.0,12.0,22.0,15.0,2.0,3.0,16.0,,,
2012-03-05,1.0,7.0,,,5.0,,23.0,18.0,14.0,15.0,2.0,24.0,11.0,12.0,8.0,21.0,9.0,22.0,13.0,20.0,10.0,17.0,6.0,16.0,19.0,3.0,25.0,4.0,,,
2012-03-12,25.0,8.0,,,11.0,,2.0,12.0,23.0,20.0,24.0,1.0,14.0,3.0,19.0,6.0,9.0,7.0,22.0,17.0,10.0,4.0,18.0,13.0,5.0,21.0,16.0,15.0,,,
2012-03-19,5.0,16.0,,,6.0,,13.0,17.0,12.0,20.0,2.0,14.0,1.0,21.0,10.0,15.0,19.0,23.0,11.0,22.0,7.0,3.0,8.0,25.0,24.0,4.0,9.0,18.0,,,
2012-03-26,9.0,4.0,,,6.0,,1.0,7.0,13.0,15.0,12.0,20.0,18.0,5.0,14.0,2.0,10.0,19.0,8.0,24.0,17.0,23.0,16.0,25.0,21.0,3.0,22.0,11.0,,,
2012-04-02,21.0,8.0,,,7.0,,16.0,1.0,13.0,18.0,4.0,25.0,3.0,6.0,2.0,11.0,19.0,9.0,15.0,24.0,17.0,12.0,14.0,22.0,10.0,5.0,23.0,20.0,,,
2012-04-09,9.0,12.0,,,16.0,,6.0,2.0,13.0,8.0,14.0,1.0,3.0,21.0,11.0,4.0,18.0,7.0,10.0,24.0,20.0,23.0,15.0,19.0,22.0,5.0,25.0,17.0,,,
2012-04-16,24.0,10.0,,,1.0,,20.0,3.0,13.0,15.0,9.0,17.0,2.0,4.0,23.0,6.0,12.0,18.0,5.0,25.0,11.0,16.0,7.0,22.0,21.0,14.0,8.0,19.0,,,
2012-04-23,19.0,16.0,,,4.0,,8.0,14.0,9.0,15.0,17.0,18.0,11.0,24.0,3.0,6.0,21.0,23.0,12.0,22.0,2.0,7.0,5.0,10.0,20.0,13.0,1.0,25.0,,,
2012-04-30,8.0,5.0,,,21.0,,19.0,9.0,17.0,2.0,10.0,1.0,12.0,15.0,7.0,6.0,20.0,22.0,4.0,18.0,16.0,14.0,11.0,13.0,24.0,3.0,25.0,23.0,,,
2012-05-07,2.0,8.0,,,4.0,,24.0,11.0,5.0,17.0,23.0,12.0,15.0,18.0,25.0,16.0,13.0,20.0,6.0,9.0,10.0,22.0,14.0,3.0,19.0,1.0,21.0,7.0,,,
2012-05-14,10.0,8.0,,,4.0,,19.0,18.0,7.0,5.0,1.0,16.0,17.0,9.0,13.0,14.0,11.0,15.0,6.0,21.0,3.0,22.0,12.0,25.0,24.0,20.0,23.0,2.0,,,
2012-05-21,23.0,15.0,,,18.0,,21.0,14.0,17.0,20.0,3.0,22.0,4.0,6.0,2.0,7.0,19.0,1.0,10.0,13.0,16.0,9.0,11.0,25.0,5.0,24.0,8.0,12.0,,,
2012-05-28,24.0,10.0,,,17.0,,11.0,22.0,6.0,14.0,20.0,2.0,23.0,8.0,9.0,15.0,12.0,16.0,3.0,1.0,4.0,19.0,5.0,25.0,21.0,13.0,18.0,7.0,,,
2012-06-04,25.0,8.0,,,11.0,,19.0,2.0,13.0,5.0,14.0,23.0,7.0,16.0,21.0,9.0,6.0,18.0,10.0,22.0,3.0,12.0,1.0,24.0,4.0,17.0,15.0,20.0,,,
2012-06-11,18.0,14.0,,,16.0,,10.0,19.0,13.0,9.0,23.0,2.0,6.0,17.0,21.0,20.0,4.0,5.0,7.0,1.0,12.0,11.0,8.0,24.0,25.0,3.0,22.0,15.0,,,
2012-06-18,5.0,19.0,,,2.0,,15.0,11.0,8.0,22.0,18.0,4.0,6.0,16.0,23.0,7.0,12.0,24.0,20.0,25.0,13.0,17.0,9.0,21.0,3.0,1.0,14.0,10.0,,,
2012-06-25,10.0,11.0,,,20.0,,4.0,5.0,13.0,8.0,9.0,24.0,23.0,7.0,19.0,12.0,1.0,17.0,16.0,18.0,14.0,22.0,3.0,2.0,15.0,21.0,25.0,6.0,,,
2012-07-02,14.0,9.0,,,8.0,,2.0,1.0,11.0,16.0,6.0,4.0,7.0,19.0,21.0,12.0,17.0,5.0,15.0,23.0,10.0,18.0,20.0,22.0,25.0,13.0,24.0,3.0,,,
2012-07-09,21.0,5.0,,,10.0,,20.0,3.0,6.0,14.0,1.0,23.0,13.0,7.0,15.0,17.0,19.0,8.0,4.0,24.0,2.0,9.0,16.0,18.0,11.0,22.0,25.0,12.0,,,
2012-07-16,21.0,7.0,,,23.0,,13.0,24.0,14.0,5.0,11.0,15.0,3.0,9.0,2.0,19.0,22.0,4.0,8.0,25.0,17.0,18.0,10.0,1.0,6.0,16.0,20.0,12.0,,,
2012-07-23,12.0,19.0,,,23.0,,22.0,6.0,21.0,8.0,15.0,16.0,11.0,7.0,10.0,13.0,14.0,4.0,17.0,24.0,9.0,20.0,3.0,25.0,1.0,2.0,5.0,18.0,,,
2012-07-30,16.0,11.0,,,21.0,,5.0,8.0,18.0,25.0,12.0,23.0,1.0,6.0,7.0,13.0,2.0,4.0,19.0,9.0,3.0,17.0,10.0,22.0,15.0,14.0,24.0,20.0,,,
2012-08-06,5.0,24.0,,,18.0,,4.0,9.0,10.0,22.0,13.0,20.0,7.0,15.0,8.0,23.0,11.0,6.0,17.0,2.0,19.0,16.0,25.0,3.0,14.0,21.0,1.0,12.0,,,
2012-08-13,22.0,23.0,,,7.0,,18.0,6.0,16.0,4.0,10.0,21.0,2.0,8.0,12.0,20.0,19.0,14.0,24.0,13.0,25.0,5.0,15.0,11.0,9.0,17.0,3.0,1.0,,,
2012-08-20,1.0,6.0,,,18.0,,23.0,24.0,14.0,7.0,19.0,22.0,16.0,9.0,4.0,2.0,10.0,12.0,13.0,8.0,25.0,3.0,20.0,21.0,15.0,17.0,5.0,11.0,,,
2012-08-27,2.0,11.0,,,19.0,,23.0,10.0,21.0,9.0,7.0,22.0,6.0,17.0,8.0,15.0,14.0,5.0,18.0,25.0,3.0,13.0,16.0,12.0,20.0,4.0,1.0,24.0,,,
2012-09-03,23.0,25.0,,,5.0,,4.0,17.0,24.0,15.0,8.0,12.0,22.0,19.0,21.0,18.0,10.0,11.0,20.0,3.0,6.0,7.0,9.0,1.0,2.0,16.0,13.0,14.0,,,
2012-09-10,5.0,21.0,,,12.0,,7.0,25.0,19.0,24.0,17.0,2.0,22.0,10.0,23.0,18.0,14.0,9.0,13.0,4.0,11.0,8.0,15.0,1.0,6.0,3.0,20.0,16.0,,,
2012-09-17,9.0,21.0,,,5.0,,25.0,17.0,7.0,1.0,10.0,11.0,2.0,4.0,13.0,20.0,3.0,19.0,14.0,16.0,15.0,22.0,6.0,24.0,23.0,12.0,18.0,8.0,,,
2012-09-24,9.0,10.0,,,18.0,,23.0,24.0,5.0,12.0,19.0,15.0,13.0,7.0,17.0,20.0,11.0,16.0,6.0,1.0,3.0,21.0,8.0,4.0,25.0,2.0,22.0,14.0,,,
2012-10-01,14.0,22.0,,,2.0,,10.0,5.0,20.0,19.0,16.0,25.0,7.0,17.0,3.0,12.0,21.0,18.0,15.0,23.0,9.0,11.0,4.0,24.0,6.0,1.0,8.0,13.0,,,
2012-10-08,3.0,6.0,,,22.0,,13.0,7.0,8.0,17.0,20.0,25.0,19.0,15.0,10.0,5.0,21.0,16.0,12.0,24.0,14.0,23.0,4.0,1.0,11.0,2.0,18.0,9.0,,,
2012-10-15,13.0,14.0,,,1.0,,3.0,24.0,21.0,18.0,7.0,2.0,17.0,5.0,16.0,20.0,23.0,8.0,15.0,25.0,22.0,10.0,6.0,12.0,4.0,9.0,19.0,11.0,,,
2012-10-22,1.0,2.0,,,16.0,,13.0,22.0,4.0,6.0,23.0,15.0,12.0,11.0,18.0,14.0,8.0,24.0,9.0,7.0,3.0,10.0,25.0,21.0,20.0,17.0,19.0,5.0,,,
2012-10-29,21.0,7.0,,,15.0,,6.0,14.0,23.0,11.0,12.0,17.0,19.0,3.0,4.0,13.0,2.0,25.0,20.0,10.0,16.0,18.0,22.0,5.0,9.0,24.0,1.0,8.0,,,
2012-11-05,9.0,18.0,,,6.0,,21.0,10.0,13.0,1.0,16.0,25.0,19.0,11.0,17.0,14.0,2.0,15.0,20.0,24.0,5.0,22.0,3.0,12.0,23.0,4.0,7.0,8.0,,,
2012-11-12,11.0,15.0,,,6.0,,19.0,5.0,13.0,16.0,4.0,25.0,9.0,12.0,1.0,10.0,21.0,2.0,7.0,23.0,18.0,17.0,8.0,24.0,20.0,3.0,14.0,22.0,,,
2012-11-19,2.0,20.0,,,23.0,,21.0,14.0,19.0,11.0,7.0,3.0,6.0,15.0,12.0,16.0,5.0,17.0,25.0,1.0,18.0,10.0,24.0,9.0,4.0,22.0,13.0,8.0,,,
2012-11-26,23.0,18.0,,,6.0,,15.0,20.0,9.0,7.0,8.0,3.0,22.0,12.0,25.0,17.0,13.0,24.0,4.0,5.0,2.0,19.0,1.0,21.0,10.0,11.0,16.0,14.0,,,
2012-12-03,24.0,4.0,,,10.0,,18.0,1.0,15.0,6.0,20.0,21.0,25.0,23.0,8.0,5.0,13.0,14.0,16.0,22.0,7.0,19.0,2.0,11.0,3.0,9.0,12.0,17.0,,,
2012-12-10,14.0,11.0,,,9.0,,2.0,5.0,12.0,20.0,24.0,4.0,18.0,16.0,21.0,13.0,15.0,22.0,19.0,1.0,7.0,6.0,25.0,23.0,3.0,17.0,8.0,10.0,,,
2012-12-17,23.0,9.0,,,11.0,,6.0,15.0,18.0,20.0,8.0,7.0,22.0,16.0,24.0,19.0,13.0,4.0,14.0,21.0,3.0,2.0,10.0,1.0,12.0,5.0,17.0,25.0,,,
2012-12-24,1.0,8.0,,,7.0,,21.0,5.0,3.0,12.0,24.0,17.0,18.0,9.0,4.0,10.0,13.0,20.0,19.0,23.0,14.0,15.0,6.0,25.0,11.0,16.0,2.0,22.0,,,
2012-12-31,5.0,21.0,,,6.0,,3.0,24.0,22.0,17.0,15.0,12.0,9.0,8.0,23.0,20.0,11.0,1.0,16.0,25.0,13.0,10.0,18.0,2.0,14.0,7.0,19.0,4.0,,,
2013-01-07,1.0,12.0,,,14.0,,19.0,18.0,4.0,9.0,8.0,2.0,22.0,15.0,25.0,23.0,17.0,21.0,20.0,3.0,24.0,5.0,13.0,7.0,16.0,10.0,6.0,11.0,,,
2013-01-14,21.0,15.0,,,20.0,,7.0,2.0,19.0,1.0,22.0,13.0,4.0,12.0,3.0,16.0,5.0,9.0,17.0,10.0,25.0,14.0,24.0,11.0,8.0,18.0,6.0,23.0,,,
2013-01-21,7.0,21.0,,,17.0,,2.0,4.0,18.0,23.0,8.0,24.0,11.0,6.0,20.0,15.0,13.0,12.0,14.0,3.0,16.0,5.0,25.0,9.0,1.0,22.0,19.0,10.0,,,
2013-01-28,21.0,23.0,,,13.0,,4.0,7.0,3.0,11.0,9.0,12.0,24.0,18.0,5.0,6.0,22.0,25.0,16.0,20.0,2.0,1.0,10.0,17.0,8.0,15.0,19.0,14.0,,,
2013-02-04,13.0,18.0,,,25.0,,15.0,21.0,20.0,17.0,12.0,22.0,23.0,14.0,11.0,5.0,16.0,24.0,4.0,9.0,8.0,10.0,7.0,6.0,3.0,1.0,19.0,2.0,,,
2013-02-11,2.0,22.0,,,4.0,,10.0,18.0,6.0,7.0,25.0,16.0,9.0,3.0,24.0,20.0,15.0,17.0,14.0,21.0,1.0,12.0,5.0,23.0,8.0,13.0,19.0,11.0,,,
2013-02-18,3.0,11.0,,,12.0,,24.0,20.0,8.0,9.0,10.0,6.0,21.0,22.0,14.0,16.0,15.0,18.0,7.0,4.0,17.0,19.0,2.0,1.0,5.0,25.0,13.0,23.0,,,
2013-02-25,4.0,21.0,,,10.0,,22.0,6.0,12.0,14.0,8.0,18.0,1.0,5.0,3.0,13.0,16.0,19.0,11.0,23.0,9.0,25.0,20.0,24.0,15.0,2.0,7.0,17.0,,,
2013-03-04,24.0,22.0,,,16.0,,12.0,2.0,8.0,5.0,25.0,23.0,1.0,6.0,15.0,9.0,19.0,17.0,18.0,13.0,21.0,3.0,10.0,4.0,7.0,20.0,11.0,14.0,,,
2013-03-11,19.0,16.0,,,2.0,,21.0,23.0,25.0,17.0,18.0,20.0,12.0,6.0,13.0,7.0,11.0,1.0,14.0,24.0,10.0,4.0,9.0,15.0,5.0,8.0,22.0,3.0,,,
2013-03-18,18.0,11.0,,,9.0,,8.0,12.0,24.0,1.0,2.0,17.0,20.0,3.0,4.0,10.0,7.0,23.0,15.0,13.0,16.0,25.0,5.0,21.0,19.0,14.0,22.0,6.0,,,
2013-03-25,15.0,13.0,,,21.0,,25.0,1.0,14.0,4.0,6.0,24.0,22.0,5.0,23.0,9.0,11.0,2.0,12.0,10.0,20.0,16.0,7.0,3.0,8.0,19.0,17.0,18.0,,,
2013-04-01,20.0,3.0,,,12.0,,25.0,18.0,8.0,14.0,11.0,23.0,4.0,13.0,2.0,6.0,21.0,17.0,7.0,1.0,10.0,22.0,5.0,19.0,24.0,9.0,16.0,15.0,,,
2013-04-08,3.0,25.0,,,18.0,,21.0,2.0,19.0,16.0,10.0,4.0,7.0,9.0,14.0,8.0,13.0,17.0,15.0,1.0,22.0,12.0,24.0,6.0,20.0,5.0,11.0,23.0,,,
2013-04-15,7.0,14.0,,,25.0,,20.0,10.0,4.0,13.0,23.0,21.0,12.0,16.0,9.0,3.0,8.0,22.0,2.0,24.0,6.0,17.0,5.0,1.0,18.0,11.0,15.0,19.0,,,
2013-04-22,6.0,25.0,,,13.0,,4.0,8.0,23.0,19.0,3.0,2.0,18.0,21.0,14.0,15.0,9.0,10.0,16.0,1.0,22.0,24.0,11.0,17.0,12.0,5.0,7.0,20.0,,,
2013-04-29,8.0,18.0,,,23.0,,3.0,15.0,10.0,4.0,2.0,13.0,6.0,21.0,5.0,11.0,22.0,20.0,19.0,1.0,12.0,9.0,16.0,17.0,24.0,25.0,14.0,7.0,,,
2013-05-06,5.0,7.0,,,17.0,,18.0,19.0,22.0,20.0,10.0,6.0,3.0,14.0,11.0,23.0,8.0,13.0,25.0,1.0,21.0,16.0,4.0,24.0,15.0,9.0,2.0,12.0,,,
2013-05-13,7.0,23.0,,,19.0,,15.0,5.0,14.0,9.0,13.0,1.0,20.0,11.0,6.0,17.0,8.0,18.0,12.0,22.0,24.0,3.0,16.0,10.0,21.0,25.0,2.0,4.0,,,
2013-05-20,10.0,15.0,,,13.0,,4.0,20.0,6.0,23.0,25.0,19.0,5.0,18.0,2.0,24.0,7.0,1.0,21.0,16.0,3.0,9.0,11.0,14.0,12.0,8.0,22.0,17.0,,,
2013-05-27,10.0,24.0,,,5.0,,13.0,25.0,20.0,16.0,7.0,1.0,14.0,22.0,18.0,21.0,9.0,11.0,19.0,4.0,3.0,2.0,23.0,17.0,15.0,8.0,6.0,12.0,,,
2013-06-03,23.0,18.0,,,8.0,,24.0,20.0,11.0,4.0,7.0,1.0,3.0,14.0,9.0,22.0,17.0,13.0,10.0,6.0,25.0,15.0,5.0,2.0,21.0,16.0,12.0,19.0,,,
2013-06-10,14.0,19.0,,,24.0,,11.0,22.0,9.0,5.0,13.0,2.0,20.0,7.0,12.0,16.0,8.0,17.0,6.0,1.0,3.0,15.0,21.0,23.0,25.0,10.0,4.0,18.0,,,
2013-06-17,25.0,20.0,,,1.0,,18.0,23.0,14.0,12.0,4.0,2.0,6.0,17.0,13.0,22.0,19.0,10.0,24.0,5.0,8.0,7.0,15.0,9.0,21.0,11.0,16.0,3.0,,,
2013-06-24,25.0,1.0,,,22.0,,3.0,17.0,12.0,9.0,18.0,19.0,16.0,10.0,8.0,5.0,6.0,15.0,4.0,21.0,7.0,13.0,24.0,23.0,2.0,14.0,11.0,20.0,,,
2013-07-01,25.0,19.0,,,5.0,,23.0,20.0,15.0,13.0,12.0,21.0,8.0,17.0,9.0,16.0,14.0,7.0,22.0,1.0,10.0,18.0,4.0,2.0,24.0,3.0,11.0,6.0,,,
2013-07-08,18.0,6.0,,,22.0,,10.0,1.0,3.0,2.0,12.0,7.0,5.0,15.0,23.0,8.0,9.0,19.0,4.0,11.0,24.0,17.0,20.0,25.0,21.0,14.0,16.0,13.0,,,
2013-07-15,2.0,18.0,,,5.0,,9.0,15.0,7.0,23.0,22.0,1.0,16.0,21.0,19.0,11.0,17.0,14.0,6.0,10.0,4.0,13.0,24.0,3.0,8.0,25.0,20.0,12.0,,,
2013-07-22,4.0,24.0,,,16.0,,5.0,15.0,3.0,9.0,13.0,25.0,7.0,23.0,17.0,21.0,6.0,22.0,14.0,10.0,19.0,8.0,2.0,20.0,18.0,12.0,11.0,1.0,,,
2013-07-29,5.0,24.0,,,14.0,,12.0,21.0,17.0,23.0,6.0,25.0,9.0,4.0,7.0,22.0,11.0,13.0,18.0,20.0,8.0,3.0,15.0,2.0,1.0,19.0,16.0,10.0,,,
2013-08-05,21.0,17.0,,,5.0,,4.0,10.0,13.0,15.0,25.0,19.0,23.0,18.0,14.0,9.0,6.0,8.0,12.0,24.0,16.0,7.0,22.0,20.0,3.0,1.0,2.0,11.0,,,
2013-08-12,21.0,23.0,,,15.0,,10.0,19.0,11.0,6.0,4.0,16.0,14.0,12.0,24.0,25.0,7.0,5.0,17.0,20.0,9.0,3.0,22.0,2.0,13.0,8.0,1.0,18.0,,,
2013-08-19,21.0,4.0,,,8.0,,16.0,19.0,18.0,11.0,25.0,24.0,22.0,20.0,15.0,7.0,10.0,13.0,17.0,23.0,6.0,5.0,3.0,9.0,1.0,14.0,12.0,2.0,,,
2013-08-26,11.0,18.0,,,24.0,,21.0,23.0,20.0,3.0,13.0,2.0,17.0,15.0,9.0,8.0,6.0,1.0,10.0,16.0,22.0,4.0,19.0,7.0,12.0,14.0,5.0,25.0,,,
2013-09-02,7.0,15.0,,,20.0,,5.0,6.0,23.0,25.0,14.0,1.0,21.0,12.0,13.0,18.0,16.0,3.0,24.0,2.0,17.0,10.0,8.0,4.0,9.0,22.0,11.0,19.0,,,
2013-09-09,17.0,1.0,,,14.0,,3.0,10.0,24.0,21.0,18.0,2.0,8.0,4.0,23.0,16.0,11.0,19.0,12.0,25.0,15.0,13.0,5.0,6.0,7.0,22.0,20.0,9.0,,,
2013-09-16,3.0,24.0,,,18.0,,4.0,1.0,9.0,15.0,19.0,25.0,22.0,16.0,20.0,10.0,23.0,14.0,7.0,2.0,8.0,11.0,17.0,12.0,13.0,6.0,21.0,5.0,,,
2013-09-23,25.0,17.0,,,7.0,,8.0,6.0,1.0,21.0,2.0,24.0,19.0,12.0,20.0,16.0,15.0,13.0,10.0,4.0,14.0,18.0,23.0,3.0,11.0,9.0,5.0,22.0,,,
2013-09-30,10.0,24.0,,,12.0,,20.0,25.0,15.0,9.0,16.0,22.0,11.0,18.0,7.0,19.0,6.0,5.0,14.0,3.0,17.0,23.0,21.0,1.0,13.0,2.0,8.0,4.0,,,
2013-10-07,10.0,3.0,,,6.0,,14.0,1.0,8.0,12.0,23.0,15.0,25.0,17.0,24.0,13.0,7.0,19.0,5.0,20.0,4.0,21.0,16.0,11.0,18.0,2.0,22.0,9.0,,,
2013-10-14,4.0,6.0,,10.0,1.0,,11.0,3.0,16.0,24.0,14.0,26.0,21.0,25.0,8.0,5.0,15.0,9.0,19.0,17.0,23.0,12.0,7.0,2.0,18.0,20.0,13.0,22.0,,,
2013-10-21,13.0,24.0,,10.0,15.0,,3.0,7.0,9.0,4.0,12.0,26.0,23.0,5.0,18.0,17.0,22.0,20.0,8.0,25.0,14.0,11.0,2.0,21.0,6.0,16.0,19.0,1.0,,,
2013-10-28,3.0,15.0,,20.0,18.0,,9.0,23.0,13.0,17.0,5.0,19.0,10.0,24.0,4.0,11.0,6.0,21.0,25.0,7.0,26.0,22.0,14.0,8.0,1.0,12.0,16.0,2.0,,,
2013-11-04,21.0,25.0,,11.0,17.0,,5.0,23.0,4.0,3.0,6.0,7.0,1.0,16.0,12.0,26.0,20.0,9.0,15.0,24.0,13.0,2.0,18.0,19.0,14.0,10.0,22.0,8.0,,,
2013-11-11,21.0,20.0,,26.0,11.0,,19.0,3.0,12.0,7.0,8.0,23.0,13.0,15.0,1.0,4.0,9.0,10.0,22.0,18.0,24.0,17.0,6.0,5.0,2.0,16.0,14.0,25.0,,,
2013-11-18,15.0,18.0,,2.0,6.0,,8.0,5.0,16.0,3.0,4.0,17.0,21.0,10.0,13.0,22.0,12.0,20.0,24.0,9.0,7.0,1.0,23.0,19.0,26.0,14.0,11.0,25.0,,,
2013-11-25,7.0,24.0,,19.0,4.0,,14.0,21.0,12.0,11.0,8.0,3.0,18.0,15.0,2.0,20.0,16.0,25.0,22.0,17.0,6.0,23.0,13.0,26.0,9.0,10.0,5.0,1.0,,,
2013-12-02,15.0,5.0,,17.0,14.0,,3.0,2.0,20.0,7.0,9.0,26.0,23.0,19.0,21.0,1.0,6.0,12.0,8.0,13.0,18.0,4.0,11.0,24.0,25.0,16.0,10.0,22.0,,,
2013-12-09,18.0,21.0,,3.0,24.0,,10.0,25.0,17.0,16.0,9.0,2.0,15.0,12.0,7.0,20.0,23.0,19.0,14.0,1.0,8.0,13.0,22.0,26.0,4.0,11.0,6.0,5.0,,,
2013-12-16,20.0,14.0,,4.0,9.0,,24.0,5.0,11.0,25.0,6.0,1.0,19.0,7.0,12.0,16.0,26.0,23.0,18.0,17.0,21.0,10.0,22.0,13.0,2.0,8.0,15.0,3.0,,,
2013-12-23,11.0,22.0,,2.0,12.0,,1.0,6.0,4.0,17.0,24.0,10.0,23.0,7.0,13.0,18.0,21.0,9.0,20.0,25.0,14.0,16.0,8.0,5.0,19.0,26.0,15.0,3.0,,,
2013-12-30,11.0,4.0,,23.0,21.0,,20.0,24.0,26.0,19.0,8.0,1.0,2.0,16.0,5.0,14.0,7.0,15.0,22.0,10.0,12.0,6.0,9.0,17.0,18.0,13.0,3.0,25.0,,,
2014-01-06,5.0,7.0,,25.0,23.0,,8.0,18.0,14.0,16.0,19.0,15.0,13.0,22.0,2.0,17.0,11.0,21.0,6.0,26.0,24.0,4.0,10.0,12.0,9.0,20.0,1.0,3.0,,,
2014-01-13,3.0,10.0,,4.0,12.0,,15.0,24.0,11.0,14.0,25.0,5.0,26.0,22.0,9.0,19.0,7.0,18.0,20.0,21.0,16.0,8.0,13.0,6.0,1.0,23.0,17.0,2.0,,,
2014-01-20,17.0,4.0,,3.0,10.0,,26.0,25.0,2.0,20.0,18.0,5.0,8.0,6.0,19.0,11.0,15.0,22.0,9.0,1.0,13.0,21.0,14.0,7.0,12.0,16.0,23.0,24.0,,,
2014-01-27,9.0,14.0,,6.0,23.0,,13.0,4.0,11.0,26.0,2.0,22.0,3.0,10.0,21.0,15.0,1.0,5.0,7.0,16.0,18.0,24.0,19.0,17.0,8.0,20.0,12.0,25.0,,,
2014-02-03,21.0,23.0,,25.0,7.0,,18.0,14.0,26.0,8.0,9.0,16.0,1.0,6.0,15.0,2.0,17.0,11.0,5.0,20.0,19.0,13.0,22.0,3.0,12.0,4.0,10.0,24.0,,,
2014-02-10,2.0,1.0,,15.0,20.0,,5.0,11.0,6.0,16.0,25.0,18.0,24.0,17.0,26.0,14.0,3.0,21.0,12.0,10.0,22.0,8.0,4.0,23.0,9.0,19.0,13.0,7.0,,,
2014-02-17,13.0,20.0,,19.0,18.0,,25.0,16.0,6.0,23.0,3.0,5.0,10.0,11.0,15.0,21.0,8.0,24.0,14.0,4.0,22.0,7.0,2.0,26.0,1.0,17.0,9.0,12.0,,,
2014-02-24,8.0,12.0,,3.0,6.0,,24.0,16.0,22.0,10.0,7.0,2.0,11.0,13.0,1.0,20.0,19.0,9.0,15.0,25.0,23.0,21.0,14.0,17.0,4.0,5.0,26.0,18.0,,,
2014-03-03,22.0,20.0,,11.0,19.0,,8.0,9.0,24.0,23.0,1.0,21.0,26.0,16.0,14.0,15.0,10.0,7.0,25.0,2.0,6.0,17.0,4.0,13.0,5.0,3.0,12.0,18.0,,,
2014-03-10,6.0,4.0,,16.0,20.0,,24.0,22.0,1.0,12.0,19.0,23.0,11.0,17.0,5.0,10.0,8.0,25.0,3.0,2.0,9.0,13.0,7.0,26.0,21.0,14.0,15.0,18.0,,,
2014-03-17,1.0,23.0,,3.0,9.0,,14.0,2.0,12.0,8.0,15.0,20.0,24.0,13.0,17.0,18.0,16.0,21.0,26.0,5.0,10.0,4.0,22.0,19.0,6.0,7.0,11.0,25.0,,,
2014-03-24,15.0,7.0,,10.0,13.0,,19.0,17.0,18.0,3.0,9.0,26.0,22.0,6.0,12.0,4.0,16.0,1.0,11.0,2.0,21.0,20.0,23.0,5.0,24.0,14.0,8.0,25.0,,,
2014-03-31,18.0,14.0,,5.0,7.0,,3.0,16.0,22.0,24.0,19.0,21.0,6.0,17.0,15.0,12.0,9.0,10.0,11.0,2.0,25.0,26.0,20.0,8.0,23.0,1.0,4.0,13.0,,,
2014-04-07,8.0,7.0,,17.0,20.0,,14.0,2.0,15.0,10.0,21.0,12.0,26.0,9.0,19.0,3.0,18.0,5.0,4.0,1.0,11.0,25.0,13.0,6.0,16.0,24.0,23.0,22.0,,,
2014-04-14,18.0,21.0,,22.0,26.0,,5.0,24.0,17.0,15.0,12.0,25.0,20.0,10.0,23.0,7.0,19.0,4.0,13.0,1.0,14.0,8.0,9.0,3.0,6.0,16.0,11.0,2.0,,,
2014-04-21,9.0,8.0,,18.0,17.0,,21.0,15.0,14.0,12.0,4.0,20.0,10.0,25.0,7.0,23.0,22.0,6.0,3.0,19.0,24.0,13.0,16.0,2.0,1.0,26.0,11.0,5.0,,,
2014-04-28,21.0,7.0,,3.0,20.0,,6.0,16.0,23.0,1.0,10.0,11.0,13.0,4.0,18.0,12.0,19.0,25.0,26.0,17.0,22.0,8.0,14.0,24.0,5.0,2.0,9.0,15.0,,,
2014-05-05,26.0,12.0,,22.0,17.0,,24.0,5.0,19.0,15.0,7.0,25.0,2.0,13.0,18.0,9.0,16.0,11.0,1.0,20.0,3.0,14.0,6.0,21.0,4.0,10.0,8.0,23.0,,,
2014-05-12,2.0,11.0,,24.0,16.0,,10.0,17.0,21.0,19.0,5.0,25.0,6.0,15.0,4.0,9.0,13.0,7.0,12.0,23.0,1.0,26.0,22.0,8.0,3.0,18.0,14.0,20.0,,,
2014-05-19,24.0,19.0,,25.0,7.0,,26.0,4.0,9.0,15.0,18.0,1.0,21.0,11.0,17.0,22.0,23.0,16.0,20.0,6.0,13.0,10.0,14.0,5.0,2.0,12.0,8.0,3.0,,,
2014-05-26,5.0,14.0,,9.0,20.0,,26.0,25.0,2.0,6.0,23.0,1.0,17.0,13.0,3.0,15.0,10.0,18.0,12.0,4.0,7.0,24.0,11.0,21.0,8.0,16.0,22.0,19.0,,,
2014-06-02,2.0,20.0,,9.0,4.0,,19.0,3.0,12.0,18.0,11.0,8.0,15.0,17.0,23.0,14.0,16.0,6.0,25.0,21.0,1.0,10.0,13.0,24.0,26.0,22.0,7.0,5.0,,,
2014-06-09,21.0,16.0,,19.0,15.0,,20.0,24.0,4.0,5.0,9.0,2.0,18.0,23.0,26.0,25.0,8.0,6.0,11.0,1.0,7.0,17.0,13.0,3.0,14.0,10.0,12.0,22.0,,,
2014-06-16,20.0,25.0,,5.0,4.0,,11.0,2.0,17.0,14.0,21.0,24.0,19.0,13.0,16.0,12.0,23.0,8.0,7.0,1.0,26.0,10.0,15.0,3.0,6.0,18.0,9.0,22.0,,,
2014-06-23,17.0,8.0,,14.0,19.0,,26.0,18.0,3.0,20.0,6.0,9.0,23.0,16.0,11.0,21.0,22.0,2.0,13.0,25.0,1.0,12.0,4.0,7.0,5.0,10.0,15.0,24.0,,,
2014-06-30,3.0,22.0,,14.0,20.0,,1.0,8.0,25.0,19.0,9.0,6.0,12.0,16.0,10.0,23.0,21.0,17.0,18.0,7.0,26.0,11.0,24.0,13.0,2.0,15.0,5.0,4.0,,,
2014-07-07,3.0,1.0,,25.0,21.0,,23.0,9.0,10.0,4.0,19.0,20.0,17.0,14.0,16.0,2.0,13.0,6.0,5.0,22.0,15.0,24.0,8.0,26.0,11.0,12.0,7.0,18.0,,,
2014-07-14,2.0,7.0,,20.0,22.0,,1.0,9.0,12.0,25.0,24.0,26.0,14.0,21.0,17.0,6.0,4.0,3.0,11.0,23.0,10.0,8.0,19.0,13.0,5.0,15.0,16.0,18.0,,,
2014-07-21,20.0,6.0,,22.0,1.0,,13.0,19.0,21.0,16.0,11.0,25.0,7.0,2.0,5.0,18.0,17.0,14.0,15.0,26.0,10.0,9.0,24.0,12.0,4.0,3.0,8.0,23.0,,,
2014-07-28,21.0,20.0,,12.0,18.0,,24.0,14.0,1.0,3.0,8.0,19.0,5.0,13.0,4.0,17.0,7.0,23.0,22.0,25.0,15.0,9.0,10.0,2.0,16.0,6.0,11.0,26.0,,,
2014-08-04,22.0,19.0,,18.0,5.0,,17.0,9.0,8.0,23.0,2.0,10.0,1.0,6.0,3.0,16.0,24.0,13.0,15.0,7.0,11.0,12.0,26.0,4.0,25.0,21.0,14.0,20.0,,,
2014-08-11,6.0,20.0,,24.0,14.0,,18.0,9.0,5.0,4.0,22.0,1.0,23.0,10.0,25.0,13.0,17.0,21.0,8.0,15.0,12.0,16.0,19.0,26.0,3.0,2.0,11.0,7.0,,,
2014-08-18,6.0,7.0,,14.0,17.0,,16.0,23.0,19.0,18.0,2.0,26.0,3.0,8.0,4.0,24.0,15.0,11.0,12.0,22.0,25.0,10.0,13.0,5.0,1.0,21.0,9.0,20.0,,,
2014-08-25,4.0,12.0,,6.0,20.0,,22.0,10.0,17.0,16.0,3.0,25.0,8.0,23.0,14.0,9.0,13.0,5.0,7.0,2.0,24.0,11.0,26.0,1.0,18.0,21.0,15.0,19.0,,,
2014-09-01,23.0,8.0,,24.0,9.0,,2.0,20.0,14.0,5.0,6.0,1.0,25.0,10.0,16.0,7.0,19.0,26.0,13.0,17.0,18.0,21.0,22.0,12.0,11.0,4.0,3.0,15.0,,,
2014-09-08,2.0,26.0,,5.0,16.0,,19.0,20.0,18.0,12.0,7.0,21.0,10.0,11.0,23.0,24.0,14.0,22.0,8.0,1.0,9.0,4.0,6.0,25.0,17.0,13.0,3.0,15.0,,,
2014-09-15,13.0,21.0,,4.0,12.0,,3.0,23.0,20.0,6.0,16.0,24.0,17.0,10.0,9.0,7.0,14.0,11.0,15.0,18.0,26.0,5.0,22.0,8.0,1.0,2.0,19.0,25.0,,,
2014-09-22,19.0,13.0,,24.0,8.0,,21.0,2.0,16.0,9.0,4.0,1.0,20.0,3.0,7.0,15.0,10.0,17.0,18.0,11.0,12.0,14.0,6.0,26.0,25.0,5.0,22.0,23.0,,,
2014-09-29,14.0,6.0,,22.0,15.0,,24.0,19.0,1.0,20.0,11.0,8.0,9.0,10.0,7.0,4.0,13.0,23.0,2.0,21.0,3.0,17.0,5.0,25.0,26.0,12.0,16.0,18.0,,,
2014-10-06,17.0,1.0,,20.0,8.0,,19.0,9.0,6.0,13.0,10.0,23.0,22.0,11.0,16.0,2.0,12.0,15.0,3.0,25.0,7.0,18.0,4.0,26.0,24.0,14.0,21.0,5.0,,,
2014-10-13,18.0,10.0,,3.0,8.0,,17.0,6.0,9.0,16.0,24.0,4.0,23.0,15.0,22.0,21.0,14.0,19.0,12.0,2.0,1.0,13.0,26.0,25.0,11.0,5.0,20.0,7.0,,,
2014-10-20,4.0,22.0,,24.0,5.0,,3.0,16.0,20.0,11.0,15.0,21.0,14.0,2.0,10.0,13.0,8.0,12.0,18.0,26.0,25.0,17.0,1.0,19.0,23.0,6.0,9.0,7.0,,,
2014-10-27,18.0,19.0,,5.0,7.0,,10.0,9.0,6.0,20.0,16.0,1.0,15.0,13.0,24.0,14.0,2.0,23.0,12.0,3.0,4.0,8.0,17.0,26.0,22.0,11.0,21.0,25.0,,,
2014-11-03,14.0,13.0,,4.0,15.0,,22.0,16.0,19.0,12.0,23.0,2.0,8.0,10.0,5.0,24.0,18.0,11.0,7.0,25.0,1.0,21.0,20.0,26.0,17.0,9.0,6.0,3.0,,,
2014-11-10,14.0,20.0,,25.0,17.0,,15.0,9.0,23.0,4.0,3.0,18.0,6.0,7.0,2.0,12.0,11.0,21.0,22.0,1.0,26.0,5.0,10.0,24.0,19.0,8.0,16.0,13.0,,,
2014-11-17,9.0,7.0,,13.0,24.0,,17.0,10.0,18.0,16.0,21.0,25.0,23.0,11.0,5.0,1.0,8.0,3.0,4.0,15.0,6.0,22.0,20.0,2.0,14.0,19.0,12.0,26.0,,,
2014-11-24,16.0,13.0,,25.0,17.0,,22.0,19.0,11.0,4.0,1.0,20.0,6.0,10.0,8.0,12.0,9.0,23.0,15.0,7.0,18.0,3.0,2.0,26.0,24.0,5.0,14.0,21.0,,,
2014-12-01,23.0,15.0,,25.0,9.0,,13.0,5.0,22.0,18.0,19.0,2.0,6.0,17.0,24.0,11.0,12.0,16.0,4.0,14.0,1.0,3.0,7.0,26.0,20.0,8.0,10.0,21.0,,,
2014-12-08,23.0,2.0,,20.0,12.0,,17.0,18.0,14.0,13.0,7.0,21.0,9.0,6.0,4.0,3.0,11.0,25.0,5.0,19.0,1.0,15.0,8.0,24.0,26.0,16.0,22.0,10.0,,,
2014-12-15,16.0,21.0,,3.0,13.0,,15.0,23.0,11.0,7.0,26.0,8.0,14.0,18.0,22.0,17.0,9.0,4.0,12.0,19.0,25.0,5.0,20.0,1.0,10.0,24.0,2.0,6.0,,,
2014-12-22,6.0,14.0,,26.0,2.0,,19.0,3.0,7.0,20.0,11.0,8.0,18.0,17.0,13.0,15.0,24.0,25.0,9.0,16.0,1.0,23.0,12.0,22.0,10.0,5.0,21.0,4.0,,,
2014-12-29,7.0,5.0,,2.0,17.0,,10.0,25.0,21.0,23.0,6.0,24.0,3.0,15.0,1.0,9.0,14.0,19.0,20.0,16.0,4.0,18.0,8.0,12.0,22.0,13.0,11.0,26.0,,,
2015-01-05,17.0,5.0,,24.0,20.0,,26.0,2.0,18.0,4.0,9.0,13.0,11.0,1.0,8.0,3.0,12.0,22.0,7.0,16.0,15.0,19.0,10.0,23.0,21.0,6.0,14.0,25.0,,,
2015-01-12,8.0,6.0,,20.0,4.0,,25.0,1.0,2.0,13.0,24.0,19.0,14.0,7.0,17.0,5.0,11.0,23.0,3.0,26.0,16.0,15.0,10.0,9.0,18.0,12.0,22.0,21.0,,,
2015-01-19,9.0,12.0,,25.0,14.0,,20.0,26.0,10.0,22.0,7.0,3.0,2.0,18.0,1.0,19.0,16.0,24.0,13.0,5.0,17.0,6.0,15.0,21.0,8.0,4.0,11.0,23.0,,,
2015-01-26,26.0,9.0,,13.0,3.0,,5.0,24.0,22.0,11.0,7.0,25.0,14.0,21.0,17.0,18.0,4.0,23.0,16.0,1.0,12.0,19.0,8.0,2.0,6.0,10.0,20.0,15.0,,,
2015-02-02,8.0,19.0,,2.0,20.0,,4.0,18.0,23.0,9.0,21.0,3.0,16.0,14.0,22.0,15.0,11.0,26.0,25.0,12.0,17.0,7.0,10.0,1.0,5.0,24.0,13.0,6.0,,,
2015-02-09,1.0,21.0,,16.0,19.0,,3.0,24.0,23.0,5.0,11.0,20.0,22.0,7.0,15.0,25.0,13.0,6.0,26.0,4.0,14.0,10.0,18.0,17.0,8.0,9.0,12.0,2.0,,,
2015-02-16,13.0,23.0,,14.0,20.0,,15.0,7.0,11.0,26.0,4.0,2.0,18.0,16.0,21.0,24.0,10.0,5.0,6.0,19.0,9.0,17.0,3.0,25.0,1.0,8.0,12.0,22.0,,,
2015-02-23,2.0,24.0,,21.0,23.0,,22.0,17.0,5.0,14.0,10.0,3.0,9.0,12.0,13.0,11.0,15.0,16.0,25.0,19.0,6.0,4.0,26.0,7.0,8.0,20.0,18.0,1.0,,,
2015-03-02,12.0,19.0,,24.0,18.0,,17.0,8.0,23.0,4.0,1.0,25.0,15.0,9.0,13.0,2.0,11.0,21.0,20.0,3.0,16.0,7.0,6.0,26.0,22.0,5.0,10.0,14.0,,,
2015-03-09,19.0,9.0,,24.0,13.0,,11.0,17.0,4.0,23.0,7.0,10.0,16.0,15.0,18.0,1.0,5.0,26.0,20.0,14.0,3.0,12.0,6.0,22.0,2.0,8.0,21.0,25.0,,,
2015-03-16,2.0,4.0,,18.0,11.0,,24.0,9.0,16.0,5.0,19.0,23.0,7.0,15.0,8.0,26.0,25.0,20.0,10.0,17.0,1.0,14.0,22.0,3.0,13.0,6.0,21.0,12.0,,,
2015-03-23,11.0,23.0,,18.0,6.0,,2.0,25.0,19.0,15.0,10.0,24.0,8.0,14.0,21.0,20.0,7.0,9.0,16.0,5.0,26.0,22.0,3.0,1.0,12.0,13.0,17.0,4.0,,,
2015-03-30,12.0,8.0,,2.0,19.0,,5.0,21.0,18.0,10.0,15.0,3.0,23.0,14.0,1.0,26.0,20.0,6.0,17.0,24.0,11.0,16.0,22.0,4.0,13.0,25.0,9.0,7.0,,,
2015-04-06,12.0,24.0,,10.0,15.0,,16.0,20.0,22.0,11.0,19.0,5.0,23.0,21.0,9.0,14.0,7.0,2.0,17.0,1.0,26.0,25.0,13.0,6.0,8.0,18.0,3.0,4.0,,,
2015-04-13,7.0,16.0,,1.0,4.0,,19.0,24.0,14.0,11.0,23.0,18.0,12.0,21.0,22.0,5.0,13.0,6.0,17.0,25.0,26.0,9.0,15.0,2.0,10.0,20.0,8.0,3.0,,,
2015-04-20,16.0,10.0,,11.0,9.0,,3.0,6.0,12.0,22.0,8.0,23.0,21.0,13.0,19.0,18.0,17.0,24.0,14.0,2.0,5.0,15.0,4.0,25.0,26.0,7.0,20.0,1.0,,,
2015-04-27,6.0,22.0,,1.0,15.0,,10.0,21.0,20.0,9.0,14.0,26.0,16.0,3.0,19.0,13.0,18.0,7.0,23.0,5.0,24.0,17.0,25.0,4.0,8.0,2.0,12.0,11.0,,,
2015-05-04,26.0,14.0,,7.0,10.0,,24.0,12.0,18.0,11.0,4.0,16.0,22.0,8.0,9.0,19.0,21.0,25.0,15.0,23.0,13.0,6.0,17.0,2.0,1.0,5.0,3.0,20.0,,,
2015-05-11,14.0,22.0,,26.0,15.0,,5.0,21.0,7.0,17.0,11.0,1.0,20.0,8.0,10.0,3.0,16.0,23.0,13.0,6.0,25.0,19.0,2.0,24.0,9.0,12.0,4.0,18.0,,,
2015-05-18,1.0,17.0,,26.0,13.0,,20.0,19.0,14.0,2.0,4.0,18.0,24.0,15.0,5.0,22.0,9.0,21.0,7.0,8.0,16.0,12.0,23.0,25.0,6.0,3.0,10.0,11.0,,,
2015-05-25,18.0,13.0,,21.0,3.0,,22.0,7.0,15.0,20.0,14.0,2.0,5.0,8.0,19.0,16.0,11.0,24.0,10.0,1.0,4.0,17.0,6.0,23.0,26.0,12.0,9.0,25.0,,,
2015-06-01,8.0,16.0,,24.0,7.0,,6.0,19.0,10.0,22.0,14.0,18.0,11.0,5.0,2.0,20.0,17.0,13.0,25.0,12.0,9.0,1.0,23.0,26.0,4.0,15.0,21.0,3.0,,,
2015-06-08,22.0,13.0,,25.0,10.0,,7.0,24.0,17.0,16.0,9.0,21.0,15.0,6.0,12.0,14.0,5.0,20.0,18.0,11.0,4.0,1.0,3.0,26.0,23.0,8.0,2.0,19.0,,,
2015-06-15,17.0,5.0,,22.0,24.0,,12.0,3.0,21.0,11.0,8.0,1.0,7.0,9.0,10.0,25.0,6.0,2.0,4.0,18.0,26.0,16.0,20.0,23.0,19.0,14.0,15.0,13.0,,,
2015-06-22,21.0,23.0,,18.0,13.0,27.0,4.0,24.0,10.0,19.0,3.0,11.0,16.0,9.0,17.0,14.0,6.0,15.0,22.0,7.0,1.0,8.0,25.0,2.0,26.0,5.0,20.0,12.0,,,
2015-06-29,19.0,7.0,,25.0,3.0,1.0,26.0,17.0,14.0,9.0,4.0,18.0,10.0,13.0,21.0,6.0,8.0,22.0,2.0,23.0,15.0,20.0,11.0,27.0,24.0,12.0,5.0,16.0,,,
2015-07-06,16.0,11.0,,26.0,10.0,27.0,12.0,18.0,5.0,14.0,3.0,24.0,21.0,6.0,17.0,9.0,7.0,22.0,2.0,25.0,4.0,20.0,1.0,19.0,15.0,8.0,23.0,13.0,,,
2015-07-13,17.0,5.0,,9.0,15.0,1.0,19.0,13.0,8.0,24.0,14.0,27.0,10.0,7.0,2.0,11.0,3.0,25.0,12.0,21.0,23.0,4.0,22.0,26.0,6.0,16.0,20.0,18.0,,,
2015-07-20,20.0,5.0,,21.0,25.0,26.0,12.0,22.0,17.0,9.0,4.0,24.0,16.0,11.0,15.0,7.0,2.0,10.0,6.0,3.0,18.0,14.0,8.0,23.0,1.0,19.0,13.0,27.0,,,
2015-07-27,7.0,24.0,,22.0,5.0,23.0,15.0,18.0,27.0,13.0,12.0,2.0,14.0,25.0,20.0,10.0,4.0,17.0,9.0,16.0,6.0,21.0,11.0,1.0,3.0,19.0,8.0,26.0,,,
2015-08-03,5.0,10.0,,24.0,15.0,1.0,4.0,13.0,14.0,18.0,8.0,21.0,22.0,11.0,17.0,7.0,9.0,26.0,3.0,2.0,23.0,12.0,16.0,25.0,27.0,19.0,6.0,20.0,,,
2015-08-10,7.0,16.0,,5.0,3.0,25.0,14.0,6.0,2.0,12.0,8.0,26.0,23.0,11.0,27.0,17.0,19.0,21.0,10.0,18.0,9.0,24.0,20.0,1.0,4.0,22.0,15.0,13.0,,,
2015-08-17,20.0,1.0,,24.0,11.0,27.0,19.0,7.0,2.0,16.0,13.0,23.0,15.0,8.0,18.0,4.0,5.0,14.0,3.0,12.0,17.0,21.0,9.0,26.0,25.0,22.0,10.0,6.0,,,
2015-08-24,7.0,25.0,,9.0,21.0,5.0,8.0,18.0,27.0,16.0,10.0,2.0,12.0,26.0,17.0,19.0,20.0,1.0,24.0,6.0,13.0,22.0,11.0,4.0,3.0,14.0,15.0,23.0,,,
2015-08-31,25.0,24.0,,6.0,12.0,26.0,19.0,27.0,23.0,20.0,8.0,3.0,9.0,13.0,7.0,22.0,14.0,15.0,21.0,4.0,16.0,17.0,11.0,1.0,10.0,18.0,5.0,2.0,,,
2015-09-07,2.0,14.0,,25.0,5.0,15.0,18.0,13.0,4.0,19.0,10.0,20.0,21.0,6.0,23.0,17.0,8.0,27.0,3.0,16.0,1.0,22.0,7.0,26.0,24.0,9.0,11.0,12.0,,,
2015-09-14,11.0,1.0,,25.0,8.0,24.0,21.0,7.0,2.0,18.0,9.0,6.0,23.0,16.0,26.0,3.0,4.0,15.0,5.0,27.0,17.0,20.0,12.0,13.0,10.0,22.0,14.0,19.0,,,
2015-09-21,9.0,1.0,,23.0,6.0,27.0,22.0,14.0,2.0,15.0,3.0,20.0,10.0,21.0,17.0,7.0,19.0,12.0,4.0,18.0,24.0,8.0,5.0,26.0,25.0,16.0,13.0,11.0,,,
2015-09-28,20.0,15.0,,6.0,21.0,14.0,5.0,26.0,9.0,17.0,25.0,3.0,27.0,12.0,19.0,16.0,23.0,8.0,13.0,4.0,18.0,24.0,10.0,1.0,22.0,11.0,7.0,2.0,,,
2015-10-05,19.0,18.0,,5.0,13.0,4.0,3.0,12.0,23.0,14.0,24.0,7.0,27.0,15.0,26.0,16.0,22.0,8.0,25.0,11.0,10.0,20.0,21.0,2.0,1.0,9.0,17.0,6.0,,,
2015-10-12,10.0,9.0,,22.0,18.0,27.0,5.0,2.0,4.0,19.0,17.0,15.0,20.0,12.0,14.0,3.0,8.0,24.0,6.0,1.0,13.0,23.0,7.0,25.0,21.0,26.0,11.0,16.0,,,
2015-10-19,14.0,7.0,,25.0,20.0,8.0,9.0,6.0,11.0,16.0,24.0,10.0,13.0,18.0,23.0,15.0,22.0,21.0,19.0,27.0,5.0,4.0,2.0,26.0,3.0,12.0,17.0,1.0,,,
2015-10-26,25.0,8.0,,2.0,9.0,5.0,27.0,16.0,24.0,15.0,3.0,1.0,12.0,11.0,4.0,13.0,26.0,20.0,22.0,21.0,6.0,10.0,18.0,23.0,19.0,7.0,14.0,17.0,,,
2015-11-02,15.0,21.0,,12.0,20.0,26.0,9.0,11.0,23.0,25.0,19.0,3.0,6.0,10.0,27.0,18.0,7.0,5.0,22.0,2.0,17.0,14.0,16.0,1.0,13.0,24.0,4.0,8.0,,,
2015-11-09,11.0,9.0,,14.0,7.0,26.0,8.0,16.0,4.0,23.0,25.0,15.0,24.0,13.0,27.0,22.0,12.0,17.0,1.0,10.0,20.0,6.0,3.0,21.0,18.0,19.0,2.0,5.0,,,
2015-11-16,7.0,5.0,,26.0,12.0,6.0,21.0,8.0,18.0,3.0,2.0,10.0,4.0,11.0,25.0,1.0,15.0,23.0,17.0,9.0,22.0,19.0,20.0,27.0,16.0,14.0,13.0,24.0,,,
2015-11-23,26.0,23.0,,27.0,13.0,2.0,9.0,6.0,7.0,15.0,11.0,18.0,16.0,5.0,4.0,25.0,20.0,22.0,24.0,3.0,1.0,17.0,14.0,10.0,8.0,12.0,21.0,19.0,,,
2015-11-30,22.0,21.0,,20.0,12.0,15.0,9.0,2.0,4.0,23.0,8.0,1.0,24.0,16.0,13.0,7.0,19.0,14.0,10.0,3.0,26.0,11.0,6.0,27.0,25.0,18.0,5.0,17.0,,,
2015-12-07,18.0,8.0,,9.0,13.0,25.0,14.0,20.0,10.0,11.0,2.0,17.0,5.0,19.0,21.0,12.0,4.0,23.0,7.0,16.0,3.0,22.0,6.0,27.0,24.0,1.0,15.0,26.0,,,
2015-12-14,9.0,2.0,,1.0,11.0,3.0,25.0,6.0,4.0,20.0,21.0,7.0,24.0,19.0,23.0,12.0,13.0,14.0,5.0,8.0,22.0,18.0,10.0,27.0,15.0,26.0,16.0,17.0,,,
2015-12-21,4.0,26.0,,1.0,19.0,27.0,3.0,13.0,15.0,11.0,24.0,5.0,21.0,22.0,20.0,12.0,16.0,8.0,14.0,18.0,23.0,6.0,10.0,7.0,2.0,17.0,25.0,9.0,,,
2015-12-28,21.0,1.0,,22.0,16.0,26.0,25.0,13.0,15.0,6.0,5.0,9.0,18.0,12.0,10.0,2.0,11.0,20.0,4.0,14.0,19.0,17.0,3.0,23.0,24.0,7.0,8.0,27.0,,,
2016-01-04,19.0,6.0,,2.0,14.0,21.0,5.0,17.0,3.0,12.0,9.0,25.0,16.0,10.0,1.0,7.0,11.0,22.0,4.0,13.0,24.0,26.0,8.0,27.0,23.0,18.0,20.0,15.0,,,
2016-01-11,25.0,15.0,,12.0,8.0,26.0,20.0,2.0,11.0,13.0,16.0,10.0,3.0,21.0,1.0,17.0,14.0,6.0,7.0,4.0,9.0,19.0,24.0,27.0,22.0,23.0,18.0,5.0,,,
2016-01-18,20.0,12.0,,3.0,24.0,27.0,13.0,23.0,8.0,25.0,5.0,1.0,18.0,17.0,4.0,11.0,10.0,7.0,22.0,9.0,2.0,26.0,14.0,6.0,21.0,15.0,16.0,19.0,,,
2016-01-25,26.0,10.0,,1.0,18.0,14.0,5.0,13.0,8.0,17.0,15.0,25.0,9.0,6.0,24.0,21.0,20.0,12.0,16.0,3.0,11.0,23.0,19.0,2.0,4.0,22.0,27.0,7.0,,,
2016-02-01,15.0,6.0,,9.0,2.0,3.0,11.0,13.0,22.0,8.0,17.0,27.0,18.0,12.0,10.0,16.0,23.0,26.0,4.0,14.0,25.0,24.0,19.0,7.0,5.0,20.0,1.0,21.0,,,
2016-02-08,22.0,9.0,,23.0,3.0,25.0,6.0,21.0,1.0,8.0,10.0,26.0,11.0,4.0,18.0,14.0,17.0,20.0,16.0,12.0,5.0,24.0,15.0,27.0,19.0,2.0,7.0,13.0,,,
2016-02-15,5.0,19.0,,25.0,12.0,6.0,24.0,11.0,22.0,23.0,17.0,4.0,1.0,15.0,16.0,18.0,13.0,7.0,21.0,14.0,8.0,10.0,3.0,26.0,27.0,2.0,9.0,20.0,,,
2016-02-22,6.0,18.0,,19.0,16.0,1.0,11.0,8.0,27.0,15.0,25.0,5.0,12.0,13.0,4.0,10.0,14.0,23.0,21.0,9.0,22.0,26.0,20.0,7.0,24.0,2.0,3.0,17.0,,,
2016-02-29,5.0,25.0,,27.0,17.0,2.0,6.0,8.0,4.0,14.0,26.0,15.0,9.0,16.0,18.0,24.0,23.0,3.0,22.0,19.0,13.0,7.0,20.0,1.0,10.0,11.0,21.0,12.0,,,
2016-03-07,8.0,9.0,,7.0,22.0,1.0,6.0,26.0,23.0,21.0,13.0,24.0,11.0,25.0,20.0,15.0,27.0,12.0,10.0,18.0,19.0,17.0,14.0,3.0,2.0,4.0,5.0,16.0,,,
2016-03-14,4.0,8.0,,6.0,24.0,1.0,7.0,2.0,22.0,12.0,15.0,18.0,19.0,5.0,14.0,21.0,26.0,23.0,13.0,16.0,27.0,25.0,10.0,3.0,17.0,9.0,11.0,20.0,,,
2016-03-21,24.0,18.0,,9.0,10.0,22.0,15.0,7.0,2.0,17.0,16.0,14.0,25.0,13.0,19.0,12.0,3.0,23.0,5.0,6.0,21.0,27.0,11.0,4.0,20.0,26.0,1.0,8.0,,,
2016-03-28,2.0,6.0,,20.0,13.0,5.0,14.0,4.0,12.0,10.0,18.0,26.0,11.0,7.0,22.0,17.0,19.0,27.0,8.0,9.0,1.0,16.0,3.0,23.0,24.0,21.0,25.0,15.0,,,
2016-04-04,23.0,7.0,,2.0,19.0,22.0,12.0,24.0,4.0,8.0,21.0,11.0,27.0,6.0,26.0,9.0,10.0,14.0,15.0,20.0,17.0,25.0,3.0,1.0,5.0,16.0,13.0,18.0,,,
2016-04-11,20.0,26.0,,8.0,17.0,2.0,6.0,5.0,12.0,15.0,23.0,10.0,18.0,24.0,14.0,22.0,4.0,27.0,21.0,16.0,19.0,3.0,25.0,1.0,7.0,11.0,13.0,9.0,,,
2016-04-18,8.0,23.0,,5.0,4.0,1.0,21.0,15.0,20.0,22.0,18.0,17.0,14.0,19.0,13.0,24.0,7.0,6.0,26.0,27.0,25.0,2.0,16.0,3.0,10.0,12.0,11.0,9.0,,,
2016-04-25,23.0,11.0,,18.0,12.0,14.0,9.0,25.0,7.0,13.0,8.0,3.0,21.0,5.0,22.0,16.0,17.0,1.0,10.0,20.0,6.0,24.0,4.0,2.0,19.0,26.0,15.0,27.0,,,
2016-05-02,14.0,2.0,,25.0,4.0,1.0,13.0,11.0,5.0,20.0,10.0,27.0,22.0,8.0,18.0,3.0,16.0,24.0,6.0,12.0,9.0,19.0,15.0,23.0,26.0,17.0,21.0,7.0,,,
2016-05-09,5.0,6.0,,14.0,15.0,21.0,19.0,12.0,4.0,10.0,23.0,2.0,27.0,7.0,26.0,24.0,11.0,25.0,3.0,8.0,13.0,1.0,9.0,22.0,17.0,20.0,16.0,18.0,,,
2016-05-16,4.0,18.0,,3.0,21.0,8.0,20.0,23.0,19.0,9.0,27.0,16.0,6.0,14.0,12.0,15.0,24.0,7.0,26.0,5.0,22.0,1.0,11.0,2.0,10.0,17.0,25.0,13.0,,,
2016-05-23,22.0,23.0,,3.0,13.0,27.0,9.0,11.0,14.0,16.0,25.0,2.0,24.0,19.0,6.0,20.0,21.0,17.0,18.0,15.0,1.0,5.0,26.0,8.0,4.0,7.0,12.0,10.0,,,
2016-05-30,18.0,13.0,,5.0,16.0,27.0,15.0,17.0,4.0,7.0,19.0,20.0,1.0,14.0,2.0,12.0,21.0,24.0,3.0,6.0,26.0,25.0,10.0,9.0,23.0,8.0,22.0,11.0,,,
2016-06-06,22.0,9.0,,25.0,14.0,4.0,11.0,13.0,2.0,12.0,8.0,3.0,18.0,17.0,24.0,7.0,5.0,1.0,10.0,19.0,23.0,26.0,16.0,27.0,6.0,20.0,15.0,21.0,,,
2016-06-13,13.0,5.0,,10.0,27.0,8.0,23.0,4.0,16.0,21.0,26.0,2.0,1.0,17.0,15.0,6.0,14.0,11.0,7.0,22.0,12.0,24.0,25.0,20.0,3.0,9.0,18.0,19.0,,,
2016-06-20,16.0,6.0,,15.0,20.0,4.0,26.0,11.0,3.0,14.0,12.0,1.0,8.0,19.0,21.0,9.0,7.0,22.0,10.0,13.0,18.0,24.0,5.0,25.0,17.0,2.0,27.0,23.0,,,
2016-06-27,17.0,8.0,,25.0,11.0,27.0,3.0,21.0,15.0,2.0,13.0,22.0,5.0,7.0,6.0,4.0,9.0,20.0,10.0,19.0,12.0,26.0,23.0,18.0,14.0,1.0,24.0,16.0,,,
2016-07-04,19.0,11.0,,24.0,8.0,26.0,14.0,13.0,22.0,15.0,3.0,2.0,1.0,9.0,10.0,7.0,4.0,25.0,18.0,12.0,16.0,23.0,17.0,27.0,6.0,20.0,21.0,5.0,,,
2016-07-11,14.0,23.0,,11.0,19.0,1.0,5.0,3.0,27.0,25.0,21.0,8.0,12.0,17.0,20.0,18.0,24.0,10.0,26.0,6.0,16.0,2.0,15.0,4.0,9.0,22.0,13.0,7.0,,,
2016-07-18,5.0,10.0,,21.0,25.0,22.0,27.0,18.0,11.0,23.0,6.0,24.0,4.0,14.0,9.0,17.0,13.0,26.0,12.0,3.0,19.0,8.0,16.0,20.0,2.0,1.0,15.0,7.0,,,
2016-07-25,21.0,7.0,,15.0,23.0,3.0,12.0,19.0,10.0,8.0,11.0,24.0,1.0,20.0,9.0,13.0,26.0,14.0,22.0,17.0,18.0,4.0,25.0,6.0,2.0,16.0,5.0,27.0,,,
2016-08-01,27.0,18.0,,4.0,13.0,19.0,10.0,11.0,25.0,21.0,17.0,1.0,14.0,15.0,26.0,22.0,23.0,5.0,16.0,8.0,6.0,3.0,24.0,2.0,9.0,20.0,7.0,12.0,,,
2016-08-08,4.0,25.0,,12.0,7.0,1.0,27.0,19.0,18.0,22.0,6.0,26.0,24.0,8.0,2.0,21.0,17.0,9.0,11.0,14.0,5.0,23.0,20.0,3.0,16.0,13.0,15.0,10.0,,,
2016-08-15,14.0,21.0,,19.0,26.0,3.0,15.0,13.0,17.0,24.0,2.0,8.0,4.0,18.0,12.0,25.0,22.0,6.0,20.0,10.0,23.0,9.0,27.0,1.0,5.0,7.0,16.0,11.0,,,
2016-08-22,13.0,16.0,,17.0,26.0,4.0,10.0,9.0,20.0,14.0,22.0,25.0,19.0,18.0,27.0,6.0,23.0,24.0,21.0,8.0,1.0,5.0,12.0,3.0,15.0,11.0,7.0,2.0,,,
2016-08-29,11.0,7.0,,23.0,13.0,1.0,22.0,20.0,15.0,6.0,18.0,3.0,27.0,14.0,26.0,16.0,2.0,25.0,8.0,4.0,17.0,9.0,24.0,5.0,19.0,12.0,10.0,21.0,,,
2016-09-05,3.0,21.0,,1.0,15.0,23.0,13.0,18.0,6.0,19.0,10.0,27.0,14.0,20.0,17.0,12.0,5.0,4.0,16.0,26.0,7.0,9.0,2.0,25.0,8.0,24.0,11.0,22.0,,,
2016-09-12,5.0,18.0,,26.0,9.0,1.0,20.0,7.0,11.0,22.0,8.0,24.0,14.0,23.0,13.0,12.0,21.0,17.0,6.0,16.0,4.0,19.0,2.0,27.0,15.0,3.0,10.0,25.0,,,
2016-09-19,15.0,4.0,,18.0,13.0,7.0,2.0,10.0,3.0,14.0,16.0,1.0,26.0,20.0,5.0,12.0,23.0,11.0,6.0,27.0,24.0,9.0,8.0,19.0,21.0,25.0,22.0,17.0,,,
2016-09-26,20.0,16.0,,8.0,18.0,3.0,13.0,17.0,25.0,6.0,11.0,5.0,22.0,27.0,10.0,24.0,9.0,2.0,26.0,15.0,4.0,21.0,14.0,1.0,12.0,23.0,19.0,7.0,,,
2016-10-03,17.0,26.0,,3.0,15.0,18.0,22.0,23.0,25.0,8.0,5.0,13.0,1.0,10.0,4.0,27.0,12.0,11.0,24.0,14.0,7.0,2.0,21.0,6.0,9.0,20.0,19.0,16.0,,,
2016-10-10,15.0,2.0,,10.0,8.0,22.0,17.0,25.0,1.0,20.0,9.0,19.0,3.0,7.0,26.0,6.0,11.0,13.0,4.0,24.0,5.0,16.0,18.0,12.0,23.0,27.0,14.0,21.0,,,
2016-10-17,16.0,3.0,,26.0,27.0,1.0,2.0,24.0,15.0,21.0,18.0,25.0,17.0,22.0,4.0,14.0,9.0,5.0,11.0,20.0,13.0,19.0,8.0,10.0,6.0,7.0,23.0,12.0,,,
2016-10-24,13.0,12.0,,8.0,10.0,2.0,20.0,17.0,21.0,11.0,14.0,24.0,5.0,7.0,15.0,22.0,23.0,26.0,9.0,3.0,19.0,6.0,1.0,27.0,25.0,18.0,4.0,16.0,,,
2016-10-31,20.0,21.0,,26.0,6.0,16.0,1.0,15.0,9.0,17.0,13.0,19.0,24.0,12.0,2.0,22.0,11.0,18.0,8.0,10.0,23.0,25.0,4.0,27.0,3.0,7.0,14.0,5.0,,,
2016-11-07,11.0,27.0,,24.0,12.0,5.0,1.0,26.0,16.0,13.0,15.0,8.0,9.0,17.0,10.0,20.0,21.0,18.0,25.0,14.0,7.0,3.0,22.0,19.0,2.0,6.0,23.0,4.0,,,
2016-11-14,16.0,25.0,,15.0,23.0,5.0,14.0,18.0,6.0,22.0,17.0,3.0,27.0,13.0,11.0,20.0,12.0,7.0,21.0,9.0,10.0,2.0,19.0,4.0,26.0,8.0,1.0,24.0,,,
2016-11-21,12.0,9.0,,27.0,6.0,5.0,2.0,20.0,14.0,21.0,8.0,26.0,23.0,19.0,13.0,22.0,7.0,16.0,11.0,18.0,15.0,24.0,10.0,17.0,4.0,1.0,25.0,3.0,,,
2016-11-28,24.0,13.0,,4.0,15.0,2.0,8.0,7.0,19.0,23.0,10.0,27.0,25.0,20.0,22.0,16.0,14.0,3.0,18.0,26.0,6.0,17.0,12.0,1.0,5.0,11.0,9.0,21.0,,,
2016-12-05,22.0,21.0,,9.0,5.0,15.0,8.0,10.0,23.0,26.0,11.0,2.0,6.0,18.0,25.0,16.0,19.0,12.0,20.0,1.0,7.0,14.0,17.0,27.0,24.0,3.0,13.0,4.0,,,
2016-12-12,20.0,1.0,,26.0,13.0,25.0,22.0,23.0,14.0,10.0,18.0,2.0,24.0,4.0,27.0,11.0,21.0,16.0,3.0,15.0,9.0,19.0,7.0,17.0,8.0,6.0,12.0,5.0,,,
2016-12-19,1.0,13.0,,14.0,5.0,25.0,20.0,22.0,12.0,16.0,26.0,9.0,27.0,10.0,18.0,21.0,2.0,15.0,8.0,4.0,24.0,3.0,7.0,11.0,6.0,23.0,17.0,19.0,,,
2016-12-26,10.0,2.0,,20.0,26.0,27.0,16.0,8.0,6.0,12.0,11.0,25.0,7.0,13.0,15.0,1.0,14.0,19.0,3.0,22.0,18.0,24.0,4.0,21.0,23.0,5.0,9.0,17.0,,,
2017-01-02,5.0,12.0,,3.0,19.0,25.0,7.0,16.0,23.0,1.0,21.0,24.0,2.0,22.0,27.0,10.0,11.0,4.0,18.0,20.0,14.0,13.0,15.0,8.0,9.0,26.0,6.0,17.0,,,
2017-01-09,20.0,19.0,,5.0,7.0,1.0,27.0,4.0,15.0,17.0,13.0,3.0,9.0,22.0,21.0,24.0,6.0,23.0,16.0,10.0,25.0,12.0,11.0,26.0,18.0,8.0,2.0,14.0,,,
2017-01-16,23.0,9.0,,13.0,20.0,12.0,15.0,3.0,8.0,6.0,21.0,10.0,4.0,7.0,17.0,11.0,19.0,2.0,16.0,25.0,22.0,26.0,14.0,24.0,5.0,18.0,1.0,27.0,,,
2017-01-23,14.0,25.0,,13.0,8.0,12.0,3.0,24.0,6.0,11.0,20.0,1.0,27.0,19.0,21.0,23.0,22.0,18.0,17.0,9.0,7.0,10.0,16.0,2.0,15.0,4.0,26.0,5.0,,,
2017-01-30,5.0,20.0,,11.0,17.0,2.0,18.0,19.0,24.0,25.0,6.0,13.0,9.0,4.0,1.0,8.0,16.0,21.0,10.0,26.0,7.0,3.0,15.0,27.0,22.0,14.0,12.0,23.0,,,
2017-02-06,20.0,4.0,,26.0,27.0,8.0,2.0,15.0,5.0,11.0,6.0,24.0,1.0,13.0,21.0,19.0,18.0,7.0,10.0,12.0,25.0,17.0,14.0,23.0,16.0,3.0,9.0,22.0,,,
2017-02-13,4.0,14.0,,13.0,24.0,1.0,9.0,5.0,15.0,7.0,20.0,26.0,16.0,22.0,12.0,25.0,6.0,19.0,18.0,23.0,11.0,3.0,10.0,27.0,8.0,21.0,17.0,2.0,,,
2017-02-20,19.0,4.0,,22.0,12.0,6.0,27.0,9.0,2.0,25.0,3.0,24.0,16.0,13.0,8.0,10.0,14.0,15.0,5.0,18.0,11.0,20.0,21.0,26.0,23.0,1.0,7.0,17.0,,,
2017-02-27,18.0,25.0,,8.0,13.0,14.0,21.0,1.0,20.0,5.0,2.0,17.0,15.0,12.0,26.0,19.0,7.0,6.0,3.0,4.0,22.0,10.0,16.0,24.0,23.0,27.0,9.0,11.0,,,
2017-03-06,8.0,25.0,,16.0,20.0,18.0,26.0,7.0,23.0,12.0,3.0,6.0,14.0,11.0,4.0,22.0,17.0,24.0,15.0,1.0,5.0,13.0,2.0,27.0,19.0,9.0,10.0,21.0,,,
2017-03-13,25.0,8.0,,23.0,6.0,4.0,11.0,18.0,15.0,19.0,24.0,13.0,21.0,9.0,26.0,14.0,16.0,5.0,12.0,17.0,1.0,22.0,20.0,27.0,3.0,10.0,2.0,7.0,,,
2017-03-20,17.0,3.0,,21.0,15.0,10.0,22.0,6.0,5.0,12.0,20.0,1.0,18.0,7.0,24.0,8.0,11.0,13.0,4.0,16.0,26.0,27.0,9.0,14.0,23.0,2.0,19.0,25.0,,,
2017-03-27,6.0,27.0,,21.0,14.0,2.0,5.0,4.0,18.0,25.0,11.0,16.0,8.0,23.0,7.0,22.0,24.0,9.0,26.0,19.0,3.0,10.0,20.0,1.0,15.0,13.0,17.0,12.0,,,
2017-04-03,8.0,5.0,,2.0,11.0,14.0,18.0,24.0,6.0,13.0,23.0,22.0,9.0,3.0,12.0,7.0,16.0,20.0,4.0,15.0,25.0,26.0,21.0,27.0,1.0,10.0,19.0,17.0,,,
2017-04-10,3.0,8.0,,23.0,18.0,27.0,21.0,1.0,4.0,16.0,11.0,26.0,13.0,12.0,9.0,2.0,10.0,19.0,5.0,20.0,17.0,24.0,6.0,15.0,25.0,7.0,14.0,22.0,,,
2017-04-17,21.0,11.0,,24.0,1.0,3.0,9.0,16.0,15.0,18.0,6.0,17.0,2.0,10.0,19.0,23.0,27.0,26.0,20.0,8.0,4.0,12.0,5.0,25.0,13.0,7.0,14.0,22.0,,,
2017-04-24,18.0,27.0,,22.0,16.0,1.0,13.0,23.0,26.0,15.0,9.0,11.0,8.0,17.0,21.0,25.0,19.0,14.0,20.0,24.0,12.0,5.0,10.0,4.0,7.0,3.0,2.0,6.0,,,
2017-05-01,27.0,15.0,,10.0,23.0,5.0,18.0,16.0,22.0,3.0,13.0,1.0,9.0,4.0,14.0,17.0,26.0,20.0,8.0,11.0,24.0,19.0,6.0,25.0,7.0,2.0,21.0,12.0,,,
2017-05-08,2.0,18.0,,7.0,11.0,1.0,21.0,13.0,10.0,17.0,15.0,24.0,25.0,19.0,27.0,23.0,5.0,9.0,6.0,12.0,26.0,16.0,14.0,4.0,8.0,20.0,3.0,22.0,,,
2017-05-15,15.0,2.0,,1.0,8.0,11.0,3.0,7.0,10.0,21.0,27.0,23.0,26.0,19.0,22.0,5.0,16.0,4.0,12.0,18.0,6.0,24.0,14.0,9.0,17.0,13.0,25.0,20.0,,,
2017-05-22,4.0,14.0,,25.0,10.0,23.0,18.0,17.0,11.0,5.0,8.0,1.0,12.0,7.0,9.0,20.0,15.0,26.0,6.0,21.0,3.0,24.0,19.0,27.0,22.0,2.0,16.0,13.0,,,
2017-05-29,2.0,17.0,,26.0,5.0,25.0,12.0,9.0,4.0,10.0,24.0,15.0,19.0,18.0,13.0,23.0,16.0,20.0,7.0,8.0,6.0,21.0,22.0,27.0,14.0,3.0,11.0,1.0,,,
2017-06-05,9.0,21.0,,1.0,8.0,25.0,4.0,6.0,3.0,16.0,27.0,17.0,10.0,20.0,26.0,13.0,14.0,5.0,24.0,18.0,22.0,2.0,12.0,7.0,11.0,19.0,23.0,15.0,,,
2017-06-12,12.0,2.0,,1.0,21.0,24.0,19.0,10.0,14.0,9.0,23.0,26.0,11.0,3.0,6.0,16.0,4.0,18.0,5.0,20.0,13.0,15.0,22.0,27.0,8.0,7.0,25.0,17.0,,,
2017-06-19,6.0,10.0,,27.0,7.0,18.0,4.0,17.0,20.0,5.0,26.0,19.0,21.0,8.0,16.0,12.0,1.0,24.0,15.0,9.0,25.0,23.0,3.0,22.0,11.0,13.0,2.0,14.0,,,
2017-06-26,15.0,24.0,,9.0,20.0,4.0,11.0,16.0,13.0,22.0,10.0,27.0,17.0,18.0,7.0,12.0,14.0,8.0,25.0,26.0,5.0,2.0,21.0,1.0,6.0,23.0,3.0,19.0,,,
2017-07-03,5.0,23.0,,26.0,8.0,2.0,15.0,4.0,12.0,19.0,6.0,16.0,3.0,11.0,21.0,17.0,24.0,22.0,14.0,1.0,20.0,7.0,25.0,27.0,13.0,18.0,9.0,10.0,,,
2017-07-10,13.0,8.0,,3.0,15.0,2.0,6.0,21.0,14.0,26.0,27.0,5.0,7.0,17.0,23.0,11.0,20.0,4.0,18.0,9.0,24.0,19.0,12.0,1.0,25.0,16.0,10.0,22.0,,,
2017-07-17,16.0,5.0,,26.0,1.0,18.0,15.0,19.0,3.0,14.0,25.0,6.0,9.0,23.0,4.0,17.0,20.0,22.0,7.0,24.0,2.0,12.0,27.0,13.0,10.0,21.0,8.0,11.0,,,
2017-07-24,20.0,23.0,,13.0,11.0,1.0,26.0,22.0,14.0,21.0,24.0,16.0,12.0,25.0,8.0,19.0,27.0,15.0,17.0,7.0,9.0,2.0,4.0,3.0,18.0,10.0,5.0,6.0,,,
2017-07-31,12.0,20.0,,25.0,14.0,7.0,8.0,9.0,16.0,17.0,1.0,2.0,10.0,21.0,22.0,5.0,24.0,11.0,3.0,19.0,6.0,15.0,23.0,27.0,4.0,18.0,13.0,26.0,,,
2017-08-07,7.0,12.0,,22.0,9.0,25.0,14.0,17.0,13.0,1.0,5.0,4.0,16.0,15.0,27.0,21.0,19.0,26.0,6.0,10.0,11.0,8.0,18.0,24.0,3.0,23.0,2.0,20.0,,,
2017-08-14,20.0,1.0,,3.0,9.0,12.0,25.0,14.0,22.0,5.0,27.0,2.0,19.0,16.0,24.0,26.0,15.0,8.0,6.0,10.0,7.0,21.0,13.0,23.0,17.0,4.0,11.0,18.0,,,
2017-08-21,15.0,18.0,,5.0,12.0,8.0,11.0,24.0,20.0,19.0,6.0,13.0,3.0,25.0,1.0,7.0,4.0,17.0,16.0,14.0,27.0,23.0,22.0,26.0,10.0,9.0,21.0,2.0,,,
2017-08-28,20.0,19.0,,22.0,15.0,4.0,1.0,26.0,14.0,11.0,18.0,2.0,10.0,9.0,17.0,27.0,25.0,23.0,24.0,8.0,5.0,13.0,21.0,16.0,12.0,6.0,7.0,3.0,,,
2017-09-04,14.0,5.0,,22.0,15.0,11.0,20.0,7.0,4.0,24.0,16.0,21.0,1.0,18.0,9.0,3.0,25.0,2.0,8.0,17.0,6.0,27.0,10.0,12.0,19.0,26.0,13.0,23.0,,,
2017-09-11,12.0,24.0,,7.0,17.0,19.0,27.0,23.0,25.0,22.0,13.0,6.0,3.0,20.0,9.0,15.0,16.0,4.0,26.0,11.0,18.0,8.0,2.0,1.0,14.0,21.0,10.0,5.0,,,
2017-09-18,14.0,20.0,,24.0,3.0,8.0,16.0,7.0,15.0,18.0,27.0,13.0,12.0,9.0,23.0,26.0,19.0,6.0,25.0,21.0,17.0,4.0,10.0,1.0,11.0,2.0,5.0,22.0,,,
2017-09-25,22.0,27.0,,20.0,17.0,26.0,6.0,15.0,19.0,23.0,5.0,3.0,9.0,14.0,16.0,8.0,13.0,18.0,25.0,12.0,21.0,4.0,11.0,1.0,2.0,7.0,24.0,10.0,,,
2017-10-02,10.0,14.0,,11.0,7.0,2.0,21.0,4.0,3.0,23.0,25.0,8.0,20.0,15.0,27.0,5.0,16.0,24.0,18.0,13.0,17.0,19.0,22.0,26.0,1.0,9.0,12.0,6.0,,,
2017-10-09,11.0,13.0,,17.0,6.0,5.0,2.0,7.0,9.0,15.0,27.0,16.0,26.0,21.0,24.0,3.0,25.0,18.0,8.0,12.0,10.0,19.0,4.0,1.0,23.0,22.0,20.0,14.0,,,
2017-10-16,11.0,22.0,,23.0,27.0,17.0,2.0,3.0,5.0,25.0,16.0,9.0,18.0,6.0,4.0,21.0,1.0,19.0,10.0,12.0,26.0,14.0,20.0,24.0,8.0,7.0,15.0,13.0,,,
2017-10-23,2.0,23.0,,24.0,11.0,6.0,27.0,16.0,14.0,20.0,10.0,8.0,17.0,9.0,25.0,13.0,15.0,21.0,12.0,5.0,18.0,19.0,3.0,1.0,26.0,4.0,7.0,22.0,,,
2017-10-30,21.0,17.0,,5.0,10.0,27.0,20.0,14.0,15.0,24.0,23.0,9.0,18.0,26.0,25.0,22.0,19.0,11.0,12.0,4.0,3.0,6.0,8.0,1.0,13.0,2.0,16.0,7.0,,,
2017-11-06,19.0,17.0,,3.0,15.0,24.0,23.0,11.0,12.0,26.0,6.0,22.0,4.0,16.0,2.0,1.0,5.0,10.0,14.0,18.0,25.0,20.0,8.0,13.0,7.0,27.0,9.0,21.0,,,
2017-11-13,15.0,16.0,,24.0,20.0,4.0,21.0,9.0,7.0,5.0,1.0,26.0,3.0,18.0,13.0,19.0,2.0,25.0,12.0,10.0,8.0,22.0,17.0,27.0,6.0,11.0,14.0,23.0,,,
2017-11-20,18.0,8.0,,27.0,5.0,9.0,3.0,23.0,17.0,26.0,25.0,7.0,13.0,15.0,1.0,16.0,24.0,19.0,20.0,4.0,14.0,11.0,21.0,2.0,10.0,22.0,12.0,6.0,,,
2017-11-27,24.0,20.0,,9.0,19.0,26.0,8.0,6.0,16.0,15.0,3.0,27.0,4.0,14.0,1.0,22.0,12.0,5.0,17.0,25.0,13.0,2.0,18.0,7.0,10.0,23.0,21.0,11.0,,,
2017-12-04,4.0,13.0,,26.0,16.0,27.0,2.0,15.0,22.0,7.0,5.0,20.0,3.0,23.0,1.0,8.0,9.0,24.0,17.0,18.0,25.0,6.0,14.0,21.0,12.0,11.0,19.0,10.0,,,
2017-12-11,25.0,20.0,,24.0,2.0,11.0,21.0,5.0,13.0,4.0,7.0,1.0,12.0,10.0,26.0,14.0,18.0,8.0,19.0,15.0,16.0,17.0,3.0,27.0,6.0,22.0,23.0,9.0,,,
2017-12-18,12.0,27.0,,4.0,22.0,10.0,8.0,16.0,20.0,21.0,6.0,24.0,9.0,14.0,3.0,23.0,5.0,2.0,26.0,25.0,18.0,11.0,17.0,1.0,13.0,7.0,19.0,15.0,,,
2017-12-25,22.0,5.0,,3.0,12.0,4.0,9.0,13.0,2.0,26.0,20.0,27.0,21.0,7.0,25.0,10.0,17.0,6.0,14.0,19.0,1.0,24.0,23.0,8.0,11.0,15.0,18.0,16.0,,,
2018-01-01,6.0,25.0,,9.0,19.0,8.0,1.0,20.0,26.0,12.0,14.0,7.0,27.0,13.0,22.0,18.0,10.0,5.0,24.0,11.0,23.0,4.0,17.0,2.0,21.0,16.0,3.0,15.0,,,
2018-01-08,6.0,24.0,,11.0,8.0,10.0,16.0,25.0,23.0,22.0,17.0,14.0,4.0,12.0,2.0,26.0,20.0,9.0,27.0,21.0,19.0,5.0,7.0,1.0,15.0,13.0,18.0,3.0,,,
2018-01-15,10.0,16.0,,26.0,5.0,2.0,14.0,21.0,6.0,22.0,1.0,27.0,3.0,17.0,11.0,9.0,19.0,23.0,13.0,18.0,7.0,20.0,12.0,25.0,15.0,8.0,24.0,4.0,,,
2018-01-22,12.0,8.0,,2.0,19.0,23.0,9.0,27.0,26.0,13.0,4.0,24.0,16.0,22.0,10.0,3.0,7.0,21.0,6.0,17.0,15.0,18.0,11.0,14.0,20.0,1.0,5.0,25.0,,,
2018-01-29,9.0,11.0,,16.0,5.0,20.0,17.0,10.0,1.0,25.0,15.0,23.0,21.0,13.0,24.0,18.0,14.0,12.0,7.0,27.0,4.0,3.0,6.0,26.0,19.0,8.0,22.0,2.0,,,
2018-02-05,21.0,10.0,,24.0,9.0,17.0,12.0,5.0,25.0,20.0,13.0,26.0,2.0,7.0,8.0,6.0,1.0,23.0,4.0,14.0,18.0,22.0,3.0,27.0,16.0,15.0,11.0,19.0,,,
2018-02-12,3.0,18.0,,2.0,10.0,11.0,1.0,15.0,14.0,8.0,9.0,19.0,22.0,25.0,5.0,27.0,13.0,6.0,20.0,26.0,23.0,16.0,12.0,7.0,4.0,24.0,17.0,21.0,,,
2018-02-19,18.0,5.0,,15.0,9.0,2.0,23.0,14.0,8.0,25.0,20.0,17.0,19.0,16.0,7.0,21.0,11.0,12.0,6.0,3.0,22.0,13.0,24.0,27.0,26.0,10.0,4.0,1.0,,,
2018-02-26,11.0,17.0,,2.0,20.0,18.0,5.0,15.0,26.0,8.0,27.0,3.0,4.0,25.0,1.0,7.0,23.0,9.0,21.0,10.0,13.0,12.0,22.0,24.0,14.0,6.0,19.0,16.0,,,
2018-03-05,11.0,12.0,,10.0,14.0,15.0,24.0,9.0,13.0,16.0,6.0,1.0,25.0,2.0,27.0,23.0,7.0,8.0,22.0,3.0,20.0,4.0,21.0,26.0,18.0,17.0,19.0,5.0,,,
2018-03-12,19.0,11.0,,17.0,12.0,10.0,21.0,13.0,15.0,27.0,1.0,23.0,25.0,9.0,7.0,4.0,8.0,18.0,3.0,6.0,5.0,24.0,22.0,16.0,20.0,26.0,14.0,2.0,,,
2018-03-19,6.0,13.0,,15.0,21.0,18.0,27.0,11.0,10.0,23.0,5.0,24.0,7.0,22.0,14.0,8.0,17.0,2.0,3.0,19.0,4.0,26.0,12.0,1.0,9.0,20.0,25.0,16.0,,,
2018-03-26,11.0,2.0,,15.0,16.0,10.0,22.0,17.0,8.0,3.0,6.0,24.0,21.0,12.0,1.0,26.0,18.0,25.0,14.0,19.0,7.0,5.0,4.0,27.0,13.0,23.0,20.0,9.0,,,
2018-04-02,18.0,6.0,,4.0,24.0,9.0,27.0,23.0,13.0,20.0,2.0,25.0,15.0,14.0,7.0,1.0,17.0,5.0,10.0,8.0,19.0,26.0,11.0,12.0,21.0,16.0,3.0,22.0,,,
2018-04-09,14.0,17.0,,6.0,15.0,5.0,4.0,20.0,11.0,18.0,25.0,3.0,24.0,12.0,27.0,13.0,26.0,2.0,22.0,7.0,23.0,8.0,19.0,1.0,10.0,21.0,16.0,9.0,,,
2018-04-16,18.0,17.0,,23.0,24.0,7.0,1.0,9.0,5.0,27.0,26.0,16.0,22.0,21.0,3.0,14.0,20.0,25.0,12.0,13.0,10.0,8.0,15.0,2.0,19.0,4.0,6.0,11.0,,,
2018-04-23,11.0,9.0,,23.0,16.0,22.0,19.0,10.0,21.0,8.0,1.0,27.0,3.0,24.0,2.0,15.0,26.0,12.0,6.0,17.0,20.0,13.0,7.0,4.0,14.0,18.0,5.0,25.0,,,
2018-04-30,14.0,11.0,,22.0,15.0,9.0,4.0,12.0,3.0,25.0,24.0,1.0,23.0,8.0,20.0,5.0,21.0,13.0,17.0,2.0,19.0,18.0,16.0,7.0,10.0,27.0,6.0,26.0,,,
2018-05-07,6.0,19.0,,15.0,4.0,21.0,9.0,20.0,22.0,7.0,12.0,2.0,17.0,18.0,26.0,25.0,13.0,3.0,24.0,27.0,10.0,11.0,23.0,5.0,1.0,14.0,8.0,16.0,,,
2018-05-14,10.0,27.0,,8.0,26.0,11.0,4.0,20.0,23.0,14.0,16.0,21.0,2.0,18.0,1.0,25.0,15.0,5.0,24.0,17.0,13.0,19.0,7.0,3.0,6.0,22.0,9.0,12.0,,,
2018-05-21,6.0,4.0,,24.0,9.0,19.0,23.0,18.0,2.0,11.0,1.0,3.0,27.0,17.0,13.0,14.0,16.0,25.0,5.0,10.0,20.0,7.0,15.0,26.0,22.0,12.0,21.0,8.0,,,
2018-05-28,13.0,1.0,,2.0,12.0,24.0,4.0,19.0,21.0,16.0,22.0,3.0,7.0,15.0,5.0,11.0,26.0,10.0,18.0,14.0,9.0,23.0,6.0,27.0,25.0,8.0,20.0,17.0,,,
2018-06-04,15.0,11.0,,20.0,21.0,8.0,17.0,7.0,25.0,5.0,4.0,24.0,2.0,6.0,1.0,13.0,14.0,16.0,26.0,22.0,27.0,9.0,3.0,12.0,18.0,23.0,19.0,10.0,,,
2018-06-11,14.0,10.0,,15.0,2.0,23.0,24.0,4.0,9.0,5.0,22.0,11.0,13.0,8.0,26.0,18.0,27.0,20.0,7.0,12.0,1.0,25.0,6.0,21.0,16.0,17.0,3.0,19.0,,,
2018-06-18,16.0,10.0,,2.0,21.0,27.0,19.0,17.0,9.0,13.0,25.0,11.0,3.0,18.0,20.0,4.0,8.0,6.0,5.0,24.0,14.0,26.0,15.0,1.0,22.0,23.0,12.0,7.0,,,
2018-06-25,13.0,10.0,,3.0,15.0,24.0,27.0,9.0,16.0,1.0,18.0,25.0,17.0,4.0,8.0,11.0,20.0,5.0,2.0,22.0,14.0,26.0,19.0,7.0,6.0,21.0,12.0,23.0,,,
2018-07-02,15.0,19.0,,13.0,5.0,22.0,10.0,25.0,2.0,8.0,24.0,1.0,27.0,18.0,26.0,11.0,21.0,14.0,9.0,17.0,23.0,20.0,12.0,4.0,16.0,7.0,3.0,6.0,,,
2018-07-09,11.0,16.0,,13.0,12.0,6.0,2.0,1.0,21.0,14.0,7.0,26.0,27.0,5.0,18.0,15.0,3.0,10.0,22.0,17.0,25.0,20.0,23.0,19.0,9.0,4.0,24.0,8.0,,,
2018-07-16,8.0,21.0,,26.0,1.0,12.0,20.0,27.0,18.0,9.0,17.0,6.0,7.0,11.0,3.0,16.0,22.0,24.0,15.0,4.0,14.0,5.0,25.0,13.0,2.0,10.0,23.0,19.0,,,
2018-07-23,5.0,19.0,,23.0,20.0,7.0,4.0,2.0,6.0,8.0,26.0,25.0,16.0,22.0,3.0,17.0,15.0,1.0,9.0,10.0,18.0,14.0,21.0,12.0,11.0,13.0,27.0,24.0,,,
2018-07-30,27.0,13.0,,26.0,12.0,9.0,24.0,22.0,23.0,7.0,17.0,3.0,8.0,20.0,21.0,4.0,2.0,15.0,18.0,25.0,16.0,6.0,19.0,5.0,11.0,14.0,10.0,1.0,,,
2018-08-06,1.0,22.0,,15.0,11.0,27.0,7.0,10.0,8.0,4.0,9.0,18.0,2.0,16.0,3.0,26.0,12.0,24.0,6.0,13.0,19.0,25.0,5.0,14.0,17.0,23.0,20.0,21.0,,,
2018-08-13,7.0,2.0,,25.0,13.0,22.0,17.0,12.0,8.0,5.0,1.0,24.0,15.0,3.0,27.0,18.0,19.0,23.0,10.0,26.0,14.0,11.0,6.0,21.0,20.0,4.0,9.0,16.0,,,
2018-08-20,13.0,20.0,,3.0,4.0,5.0,9.0,12.0,19.0,24.0,26.0,2.0,27.0,15.0,14.0,8.0,17.0,10.0,22.0,11.0,18.0,16.0,23.0,1.0,21.0,6.0,25.0,7.0,,,
2018-08-27,18.0,16.0,,14.0,11.0,21.0,20.0,24.0,12.0,17.0,6.0,1.0,4.0,9.0,13.0,10.0,8.0,2.0,26.0,3.0,15.0,5.0,7.0,19.0,23.0,27.0,22.0,25.0,,,
2018-09-03,9.0,12.0,,26.0,5.0,6.0,17.0,4.0,2.0,23.0,21.0,27.0,19.0,8.0,14.0,20.0,10.0,24.0,3.0,22.0,11.0,15.0,1.0,18.0,13.0,16.0,25.0,7.0,,,
2018-09-10,5.0,11.0,,2.0,21.0,26.0,8.0,16.0,7.0,27.0,18.0,22.0,24.0,9.0,6.0,12.0,14.0,17.0,13.0,23.0,20.0,4.0,25.0,1.0,10.0,19.0,15.0,3.0,,,
2018-09-17,21.0,16.0,,5.0,13.0,6.0,26.0,14.0,24.0,11.0,2.0,18.0,10.0,22.0,17.0,7.0,27.0,25.0,12.0,15.0,4.0,19.0,8.0,9.0,1.0,3.0,20.0,23.0,,,
2018-09-24,10.0,15.0,,26.0,16.0,22.0,7.0,19.0,4.0,24.0,1.0,2.0,3.0,21.0,17.0,18.0,5.0,9.0,12.0,20.0,11.0,25.0,6.0,8.0,13.0,23.0,27.0,14.0,,,
2018-10-01,8.0,9.0,,2.0,20.0,12.0,15.0,10.0,14.0,13.0,24.0,25.0,17.0,16.0,21.0,23.0,11.0,4.0,5.0,27.0,7.0,6.0,18.0,3.0,1.0,26.0,19.0,22.0,,,
2018-10-08,14.0,13.0,,4.0,16.0,18.0,15.0,27.0,9.0,3.0,1.0,11.0,8.0,21.0,2.0,12.0,10.0,17.0,5.0,19.0,7.0,24.0,6.0,26.0,23.0,25.0,22.0,20.0,,,
2018-10-15,6.0,7.0,,17.0,9.0,14.0,26.0,4.0,2.0,13.0,25.0,8.0,24.0,15.0,19.0,5.0,18.0,21.0,3.0,20.0,1.0,10.0,11.0,22.0,16.0,23.0,27.0,12.0,,,
2018-10-22,19.0,6.0,,24.0,3.0,20.0,10.0,9.0,8.0,2.0,12.0,17.0,1.0,21.0,4.0,5.0,16.0,23.0,11.0,14.0,7.0,22.0,26.0,25.0,27.0,15.0,18.0,13.0,,,
2018-10-29,18.0,23.0,,24.0,13.0,15.0,4.0,17.0,19.0,12.0,11.0,1.0,16.0,9.0,8.0,22.0,26.0,20.0,21.0,10.0,25.0,7.0,14.0,27.0,6.0,5.0,3.0,2.0,,,
2018-11-05,2.0,5.0,,14.0,9.0,25.0,22.0,12.0,4.0,18.0,8.0,26.0,16.0,15.0,3.0,13.0,7.0,19.0,1.0,23.0,20.0,6.0,11.0,17.0,21.0,27.0,24.0,10.0,,,
2018-11-12,15.0,8.0,,26.0,3.0,25.0,5.0,23.0,4.0,24.0,9.0,6.0,22.0,10.0,27.0,16.0,18.0,19.0,13.0,17.0,7.0,12.0,2.0,21.0,1.0,20.0,14.0,11.0,,,
2018-11-19,4.0,3.0,,18.0,17.0,16.0,25.0,1.0,9.0,7.0,2.0,13.0,10.0,11.0,23.0,15.0,8.0,26.0,12.0,20.0,19.0,21.0,5.0,27.0,22.0,14.0,6.0,24.0,,,
2018-11-26,21.0,17.0,,26.0,6.0,24.0,19.0,12.0,22.0,25.0,5.0,1.0,7.0,13.0,3.0,11.0,14.0,16.0,18.0,8.0,10.0,23.0,15.0,20.0,2.0,4.0,27.0,9.0,,,
2018-12-03,20.0,6.0,,11.0,10.0,24.0,15.0,12.0,4.0,5.0,18.0,26.0,8.0,7.0,23.0,3.0,9.0,21.0,1.0,19.0,2.0,16.0,14.0,13.0,22.0,27.0,25.0,17.0,,,
2018-12-10,20.0,9.0,,26.0,5.0,1.0,16.0,10.0,2.0,12.0,22.0,14.0,11.0,19.0,15.0,18.0,23.0,24.0,6.0,13.0,7.0,21.0,3.0,27.0,17.0,8.0,25.0,4.0,,,
2018-12-17,17.0,6.0,,27.0,22.0,11.0,19.0,8.0,7.0,18.0,3.0,21.0,15.0,5.0,13.0,24.0,20.0,9.0,4.0,14.0,12.0,16.0,23.0,25.0,10.0,26.0,1.0,2.0,,,
2018-12-24,2.0,26.0,,25.0,24.0,7.0,19.0,17.0,20.0,18.0,4.0,3.0,11.0,15.0,5.0,13.0,21.0,16.0,27.0,9.0,23.0,8.0,10.0,6.0,14.0,1.0,22.0,12.0,,,
2018-12-31,8.0,20.0,,2.0,17.0,1.0,4.0,11.0,26.0,22.0,7.0,27.0,24.0,18.0,25.0,14.0,19.0,10.0,23.0,9.0,16.0,15.0,5.0,3.0,12.0,6.0,21.0,13.0,,,
2019-01-07,20.0,12.0,,18.0,11.0,3.0,26.0,25.0,21.0,15.0,16.0,10.0,23.0,9.0,27.0,17.0,8.0,4.0,22.0,14.0,24.0,2.0,7.0,1.0,13.0,6.0,5.0,19.0,,,
2019-01-14,7.0,22.0,,16.0,20.0,15.0,4.0,3.0,18.0,25.0,14.0,26.0,11.0,13.0,23.0,21.0,6.0,10.0,24.0,12.0,9.0,8.0,27.0,2.0,17.0,5.0,1.0,19.0,,,
2019-01-21,15.0,3.0,,26.0,8.0,4.0,6.0,11.0,20.0,14.0,25.0,1.0,22.0,10.0,21.0,18.0,16.0,17.0,7.0,2.0,24.0,12.0,9.0,27.0,13.0,5.0,23.0,19.0,,,
2019-01-28,15.0,17.0,,25.0,21.0,9.0,14.0,13.0,5.0,18.0,27.0,6.0,26.0,11.0,19.0,23.0,22.0,24.0,20.0,1.0,4.0,7.0,10.0,16.0,3.0,2.0,8.0,12.0,,,
2019-02-04,15.0,9.0,,26.0,1.0,18.0,25.0,16.0,4.0,2.0,8.0,12.0,14.0,3.0,19.0,21.0,20.0,22.0,7.0,5.0,23.0,6.0,10.0,27.0,11.0,13.0,24.0,17.0,,,
2019-02-11,26.0,24.0,,3.0,19.0,12.0,18.0,9.0,23.0,5.0,8.0,11.0,21.0,14.0,25.0,20.0,10.0,6.0,22.0,16.0,15.0,13.0,27.0,1.0,4.0,7.0,2.0,17.0,,,
2019-02-18,21.0,20.0,,18.0,16.0,7.0,3.0,10.0,8.0,12.0,17.0,14.0,22.0,15.0,24.0,19.0,23.0,26.0,9.0,5.0,11.0,13.0,4.0,27.0,25.0,6.0,1.0,2.0,,,
2019-02-25,6.0,12.0,,26.0,17.0,22.0,16.0,3.0,15.0,23.0,2.0,21.0,1.0,9.0,5.0,10.0,27.0,8.0,13.0,19.0,11.0,14.0,20.0,18.0,24.0,4.0,25.0,7.0,,,
2019-03-04,7.0,1.0,,27.0,15.0,2.0,20.0,6.0,4.0,10.0,17.0,18.0,26.0,11.0,19.0,8.0,22.0,25.0,3.0,16.0,5.0,13.0,24.0,23.0,14.0,12.0,21.0,9.0,,,
2019-03-11,17.0,12.0,,2.0,21.0,20.0,14.0,19.0,10.0,16.0,24.0,6.0,25.0,26.0,8.0,15.0,18.0,11.0,7.0,1.0,3.0,4.0,13.0,5.0,22.0,23.0,27.0,9.0,,,
2019-03-18,22.0,7.0,,11.0,16.0,4.0,1.0,12.0,10.0,20.0,17.0,8.0,15.0,21.0,9.0,3.0,19.0,5.0,6.0,18.0,13.0,26.0,25.0,2.0,24.0,14.0,27.0,23.0,,,
2019-03-25,7.0,16.0,,4.0,17.0,26.0,14.0,12.0,19.0,5.0,3.0,15.0,1.0,10.0,11.0,23.0,27.0,22.0,24.0,20.0,6.0,13.0,8.0,2.0,9.0,21.0,25.0,18.0,,,
2019-04-01,18.0,24.0,,22.0,23.0,17.0,5.0,9.0,27.0,20.0,10.0,2.0,25.0,14.0,6.0,19.0,13.0,8.0,26.0,11.0,16.0,3.0,21.0,12.0,7.0,4.0,1.0,15.0,,,
2019-04-08,16.0,14.0,,25.0,8.0,3.0,24.0,5.0,22.0,17.0,23.0,4.0,20.0,18.0,27.0,19.0,21.0,26.0,13.0,2.0,15.0,9.0,12.0,11.0,10.0,6.0,1.0,7.0,,,
2019-04-15,6.0,21.0,,27.0,23.0,18.0,14.0,3.0,17.0,22.0,15.0,19.0,7.0,12.0,4.0,25.0,26.0,11.0,20.0,2.0,1.0,9.0,13.0,24.0,5.0,8.0,16.0,10.0,,,
2019-04-22,17.0,7.0,,24.0,16.0,15.0,14.0,4.0,11.0,23.0,22.0,9.0,6.0,18.0,20.0,12.0,1.0,3.0,5.0,21.0,10.0,13.0,2.0,25.0,26.0,8.0,27.0,19.0,,,
2019-04-29,14.0,16.0,,20.0,12.0,27.0,5.0,4.0,11.0,13.0,25.0,18.0,15.0,21.0,22.0,8.0,2.0,26.0,17.0,9.0,23.0,6.0,1.0,24.0,3.0,7.0,10.0,19.0,,,
2019-05-06,4.0,18.0,,1.0,13.0,27.0,22.0,7.0,9.0,26.0,2.0,24.0,23.0,20.0,19.0,12.0,6.0,15.0,5.0,11.0,16.0,10.0,8.0,3.0,17.0,25.0,21.0,14.0,,,
2019-05-13,7.0,1.0,,20.0,19.0,26.0,23.0,6.0,5.0,13.0,18.0,21.0,24.0,10.0,12.0,2.0,25.0,16.0,4.0,14.0,3.0,17.0,15.0,8.0,11.0,9.0,27.0,22.0,,,
2019-05-20,9.0,2.0,,23.0,3.0,8.0,21.0,1.0,5.0,18.0,27.0,24.0,20.0,6.0,19.0,17.0,15.0,22.0,4.0,13.0,12.0,7.0,16.0,26.0,11.0,14.0,25.0,10.0,,,
2019-05-27,15.0,6.0,,21.0,2.0,19.0,24.0,3.0,8.0,22.0,26.0,4.0,27.0,13.0,5.0,25.0,17.0,20.0,7.0,1.0,9.0,14.0,11.0,23.0,18.0,12.0,16.0,10.0,,,
2019-06-03,16.0,19.0,,24.0,11.0,5.0,2.0,22.0,18.0,3.0,4.0,17.0,26.0,7.0,23.0,25.0,6.0,21.0,14.0,13.0,27.0,10.0,8.0,20.0,12.0,15.0,1.0,9.0,,,
2019-06-10,2.0,15.0,,26.0,8.0,1.0,5.0,22.0,10.0,16.0,9.0,19.0,13.0,18.0,3.0,20.0,21.0,25.0,14.0,23.0,7.0,12.0,17.0,27.0,24.0,4.0,6.0,11.0,,,
2019-06-17,15.0,17.0,,23.0,10.0,6.0,2.0,8.0,20.0,27.0,22.0,12.0,13.0,9.0,4.0,24.0,26.0,3.0,14.0,11.0,18.0,19.0,21.0,1.0,5.0,25.0,7.0,16.0,,,
2019-06-24,14.0,21.0,,20.0,9.0,25.0,6.0,16.0,15.0,24.0,18.0,3.0,22.0,17.0,27.0,19.0,10.0,7.0,26.0,8.0,12.0,5.0,23.0,4.0,11.0,13.0,2.0,1.0,,,
2019-07-01,7.0,3.0,,16.0,20.0,27.0,19.0,4.0,8.0,2.0,15.0,14.0,6.0,9.0,11.0,21.0,17.0,22.0,10.0,13.0,18.0,12.0,1.0,26.0,24.0,5.0,25.0,23.0,,,
2019-07-08,6.0,2.0,,25.0,22.0,27.0,10.0,17.0,16.0,7.0,14.0,19.0,3.0,11.0,5.0,9.0,21.0,12.0,18.0,15.0,23.0,8.0,4.0,26.0,20.0,13.0,1.0,24.0,,,
2019-07-15,14.0,18.0,,25.0,26.0,24.0,4.0,15.0,2.0,8.0,10.0,13.0,6.0,7.0,9.0,20.0,22.0,23.0,11.0,1.0,3.0,17.0,21.0,27.0,12.0,19.0,5.0,16.0,,,
2019-07-22,22.0,24.0,,27.0,17.0,6.0,21.0,12.0,16.0,10.0,5.0,2.0,4.0,20.0,8.0,13.0,15.0,9.0,23.0,7.0,19.0,11.0,18.0,26.0,25.0,3.0,1.0,14.0,,,
2019-07-29,16.0,11.0,,1.0,8.0,27.0,24.0,12.0,7.0,5.0,25.0,3.0,23.0,15.0,20.0,14.0,18.0,6.0,10.0,17.0,21.0,19.0,9.0,2.0,4.0,26.0,22.0,13.0,,,
2019-08-05,15.0,10.0,,27.0,7.0,25.0,16.0,4.0,6.0,18.0,1.0,22.0,12.0,5.0,24.0,23.0,20.0,26.0,8.0,17.0,9.0,21.0,3.0,2.0,19.0,13.0,11.0,14.0,,,
2019-08-12,16.0,7.0,,5.0,14.0,22.0,18.0,11.0,4.0,20.0,21.0,3.0,25.0,13.0,27.0,19.0,10.0,24.0,8.0,6.0,9.0,17.0,1.0,23.0,26.0,15.0,2.0,12.0,,,
2019-08-19,7.0,13.0,,26.0,23.0,3.0,17.0,11.0,14.0,4.0,27.0,21.0,2.0,20.0,24.0,15.0,10.0,8.0,9.0,22.0,6.0,12.0,5.0,25.0,18.0,1.0,16.0,19.0,,,
2019-08-26,18.0,22.0,,25.0,10.0,3.0,12.0,15.0,14.0,26.0,6.0,7.0,27.0,21.0,23.0,16.0,24.0,2.0,20.0,4.0,8.0,13.0,17.0,9.0,5.0,19.0,1.0,11.0,,,
2019-09-02,19.0,18.0,,2.0,16.0,13.0,20.0,24.0,27.0,3.0,4.0,14.0,7.0,9.0,11.0,8.0,23.0,5.0,25.0,22.0,10.0,15.0,26.0,6.0,12.0,17.0,1.0,21.0,,,
2019-09-09,18.0,22.0,,20.0,17.0,5.0,1.0,21.0,25.0,7.0,19.0,14.0,2.0,12.0,6.0,8.0,3.0,16.0,23.0,4.0,24.0,13.0,26.0,27.0,9.0,11.0,15.0,10.0,,,
2019-09-16,8.0,7.0,,2.0,6.0,10.0,19.0,5.0,12.0,25.0,11.0,4.0,27.0,15.0,26.0,17.0,16.0,9.0,3.0,22.0,20.0,14.0,23.0,1.0,18.0,13.0,21.0,24.0,,,
2019-09-23,13.0,6.0,,27.0,18.0,26.0,24.0,7.0,12.0,4.0,2.0,21.0,14.0,10.0,17.0,15.0,20.0,19.0,11.0,9.0,1.0,16.0,23.0,25.0,5.0,22.0,3.0,8.0,,,
2019-09-30,16.0,3.0,,26.0,9.0,23.0,2.0,15.0,10.0,17.0,8.0,1.0,21.0,19.0,14.0,25.0,7.0,20.0,6.0,13.0,18.0,24.0,5.0,22.0,27.0,4.0,12.0,11.0,,,
2019-10-07,20.0,19.0,,26.0,21.0,1.0,3.0,2.0,8.0,18.0,10.0,22.0,4.0,9.0,5.0,25.0,24.0,17.0,23.0,15.0,16.0,7.0,13.0,27.0,12.0,6.0,11.0,14.0,,,
2019-10-14,21.0,13.0,,26.0,1.0,12.0,20.0,2.0,15.0,9.0,7.0,10.0,19.0,3.0,24.0,23.0,4.0,25.0,22.0,16.0,17.0,6.0,11.0,27.0,5.0,14.0,8.0,18.0,,,
2019-10-21,15.0,18.0,,6.0,26.0,3.0,13.0,19.0,24.0,4.0,20.0,10.0,14.0,9.0,12.0,8.0,23.0,11.0,22.0,16.0,25.0,17.0,27.0,1.0,5.0,21.0,2.0,7.0,,,
2019-10-28,16.0,20.0,,23.0,17.0,7.0,11.0,6.0,8.0,13.0,19.0,5.0,24.0,1.0,18.0,22.0,4.0,2.0,21.0,12.0,15.0,10.0,26.0,14.0,3.0,9.0,25.0,27.0,,,
2019-11-04,12.0,25.0,,4.0,13.0,2.0,9.0,22.0,27.0,10.0,7.0,21.0,23.0,3.0,15.0,24.0,5.0,18.0,26.0,20.0,19.0,11.0,6.0,1.0,14.0,8.0,16.0,17.0,,,
2019-11-11,9.0,10.0,,27.0,19.0,25.0,16.0,11.0,12.0,26.0,20.0,3.0,1.0,22.0,2.0,4.0,6.0,23.0,8.0,15.0,21.0,14.0,7.0,24.0,13.0,5.0,17.0,18.0,,,
2019-11-18,15.0,12.0,,20.0,2.0,26.0,4.0,1.0,11.0,13.0,27.0,19.0,21.0,16.0,25.0,24.0,9.0,17.0,8.0,22.0,14.0,5.0,3.0,23.0,6.0,10.0,7.0,18.0,,,
2019-11-25,19.0,7.0,,27.0,5.0,23.0,3.0,11.0,6.0,8.0,17.0,9.0,24.0,16.0,18.0,2.0,22.0,4.0,15.0,20.0,13.0,12.0,26.0,25.0,21.0,10.0,14.0,1.0,,,
2019-12-02,10.0,16.0,,1.0,22.0,3.0,4.0,17.0,12.0,8.0,18.0,15.0,27.0,9.0,25.0,13.0,23.0,5.0,26.0,24.0,7.0,21.0,6.0,2.0,11.0,14.0,19.0,20.0,,,
2019-12-09,5.0,25.0,,1.0,8.0,11.0,16.0,21.0,26.0,17.0,27.0,2.0,7.0,24.0,14.0,23.0,4.0,9.0,15.0,12.0,20.0,18.0,6.0,13.0,3.0,10.0,22.0,19.0,,,
2019-12-16,25.0,20.0,,13.0,8.0,4.0,26.0,27.0,9.0,23.0,3.0,10.0,5.0,11.0,2.0,16.0,17.0,14.0,6.0,7.0,19.0,18.0,15.0,1.0,22.0,12.0,24.0,21.0,,,
2019-12-23,14.0,9.0,,23.0,8.0,25.0,1.0,26.0,7.0,19.0,20.0,12.0,6.0,16.0,4.0,13.0,24.0,2.0,22.0,11.0,17.0,18.0,21.0,3.0,10.0,5.0,27.0,15.0,,,
2019-12-30,8.0,13.0,,14.0,24.0,27.0,17.0,7.0,16.0,25.0,26.0,3.0,19.0,22.0,11.0,21.0,12.0,4.0,10.0,9.0,6.0,18.0,15.0,1.0,23.0,20.0,2.0,5.0,,,
2020-01-06,2.0,17.0,,26.0,16.0,20.0,7.0,9.0,19.0,25.0,4.0,12.0,6.0,11.0,1.0,21.0,13.0,24.0,8.0,5.0,14.0,3.0,27.0,15.0,22.0,10.0,23.0,18.0,,,
2020-01-13,8.0,20.0,,21.0,22.0,1.0,26.0,9.0,6.0,10.0,19.0,5.0,3.0,11.0,24.0,15.0,13.0,25.0,14.0,18.0,17.0,12.0,4.0,27.0,23.0,16.0,2.0,7.0,,,
2020-01-20,5.0,6.0,,27.0,13.0,25.0,10.0,1.0,4.0,23.0,12.0,11.0,21.0,9.0,19.0,15.0,16.0,24.0,2.0,3.0,14.0,18.0,8.0,26.0,7.0,22.0,20.0,17.0,,,
2020-01-27,12.0,10.0,,13.0,19.0,26.0,16.0,5.0,9.0,17.0,7.0,24.0,6.0,22.0,18.0,25.0,27.0,20.0,4.0,1.0,21.0,2.0,3.0,14.0,11.0,8.0,23.0,15.0,,,
2020-02-03,6.0,17.0,,27.0,3.0,19.0,14.0,18.0,10.0,1.0,5.0,21.0,13.0,26.0,11.0,7.0,4.0,2.0,20.0,12.0,23.0,8.0,24.0,15.0,9.0,25.0,22.0,16.0,,,
2020-02-10,17.0,9.0,,27.0,3.0,1.0,22.0,21.0,6.0,2.0,18.0,4.0,15.0,16.0,14.0,24.0,5.0,25.0,13.0,20.0,23.0,19.0,10.0,26.0,11.0,8.0,7.0,12.0,,,
2020-02-17,14.0,9.0,,1.0,10.0,12.0,13.0,5.0,21.0,8.0,20.0,25.0,22.0,16.0,17.0,4.0,27.0,7.0,6.0,18.0,3.0,15.0,26.0,19.0,2.0,11.0,24.0,23.0,,,
2020-02-24,4.0,6.0,,5.0,15.0,27.0,13.0,22.0,12.0,7.0,1.0,3.0,19.0,10.0,21.0,9.0,18.0,23.0,16.0,11.0,14.0,20.0,24.0,26.0,8.0,25.0,17.0,2.0,,,
2020-03-02,7.0,5.0,,23.0,4.0,21.0,13.0,6.0,2.0,1.0,26.0,8.0,20.0,14.0,22.0,15.0,16.0,25.0,3.0,17.0,12.0,19.0,24.0,27.0,9.0,10.0,18.0,11.0,,,
2020-03-09,19.0,14.0,,4.0,8.0,22.0,9.0,15.0,12.0,11.0,23.0,5.0,17.0,10.0,24.0,25.0,21.0,26.0,16.0,20.0,6.0,13.0,18.0,27.0,7.0,2.0,1.0,3.0,,,
2020-03-16,21.0,24.0,,17.0,11.0,7.0,9.0,20.0,1.0,10.0,8.0,12.0,23.0,19.0,16.0,26.0,18.0,2.0,15.0,3.0,4.0,14.0,22.0,27.0,5.0,25.0,13.0,6.0,,,
2020-03-23,14.0,1.0,,26.0,10.0,18.0,19.0,13.0,25.0,20.0,12.0,4.0,16.0,8.0,24.0,27.0,2.0,21.0,5.0,9.0,17.0,7.0,6.0,23.0,22.0,3.0,11.0,15.0,,,
2020-03-30,11.0,18.0,,10.0,8.0,26.0,2.0,9.0,7.0,3.0,19.0,14.0,27.0,23.0,16.0,20.0,21.0,4.0,15.0,6.0,5.0,17.0,25.0,1.0,12.0,22.0,24.0,13.0,,,
2020-04-06,16.0,12.0,,1.0,26.0,4.0,24.0,10.0,23.0,27.0,9.0,19.0,3.0,13.0,8.0,2.0,7.0,21.0,18.0,25.0,17.0,14.0,5.0,11.0,20.0,6.0,15.0,22.0,,,
2020-04-13,18.0,8.0,,17.0,3.0,13.0,15.0,16.0,7.0,20.0,22.0,1.0,21.0,11.0,25.0,27.0,26.0,4.0,9.0,6.0,24.0,23.0,12.0,14.0,19.0,2.0,5.0,10.0,,,
2020-04-20,17.0,24.0,,1.0,19.0,10.0,21.0,3.0,23.0,4.0,9.0,18.0,27.0,6.0,26.0,25.0,14.0,7.0,20.0,16.0,15.0,13.0,8.0,2.0,5.0,22.0,12.0,11.0,,,
2020-04-27,11.0,10.0,,3.0,22.0,19.0,14.0,12.0,27.0,24.0,15.0,23.0,6.0,8.0,13.0,5.0,9.0,25.0,26.0,18.0,21.0,20.0,2.0,1.0,7.0,16.0,4.0,17.0,,,
2020-05-04,17.0,26.0,,6.0,16.0,2.0,14.0,3.0,25.0,11.0,9.0,5.0,19.0,27.0,23.0,24.0,12.0,4.0,22.0,1.0,8.0,13.0,15.0,7.0,21.0,10.0,18.0,20.0,,,
2020-05-11,5.0,14.0,,27.0,12.0,25.0,23.0,15.0,7.0,22.0,3.0,17.0,10.0,21.0,2.0,16.0,19.0,24.0,4.0,9.0,8.0,13.0,20.0,26.0,6.0,18.0,1.0,11.0,,,
2020-05-18,6.0,10.0,,1.0,15.0,5.0,11.0,17.0,23.0,9.0,20.0,24.0,18.0,8.0,27.0,13.0,7.0,22.0,25.0,16.0,26.0,19.0,3.0,2.0,12.0,4.0,14.0,21.0,,,
2020-05-25,13.0,14.0,,26.0,19.0,8.0,5.0,21.0,10.0,4.0,11.0,9.0,2.0,16.0,1.0,24.0,15.0,12.0,3.0,22.0,23.0,6.0,25.0,27.0,18.0,20.0,17.0,7.0,,,
2020-06-01,22.0,8.0,,21.0,20.0,5.0,11.0,12.0,24.0,23.0,9.0,19.0,3.0,7.0,4.0,1.0,6.0,10.0,27.0,26.0,25.0,13.0,17.0,2.0,15.0,16.0,14.0,18.0,,,
2020-06-08,4.0,10.0,,2.0,9.0,13.0,12.0,7.0,6.0,23.0,17.0,11.0,24.0,19.0,27.0,21.0,22.0,25.0,5.0,8.0,1.0,18.0,14.0,26.0,3.0,16.0,20.0,15.0,,,
2020-06-15,5.0,13.0,,19.0,10.0,4.0,2.0,8.0,16.0,6.0,23.0,1.0,12.0,7.0,24.0,26.0,3.0,25.0,20.0,9.0,14.0,18.0,22.0,27.0,15.0,21.0,11.0,17.0,,,
2020-06-22,12.0,14.0,,27.0,11.0,17.0,8.0,21.0,6.0,3.0,7.0,18.0,1.0,10.0,24.0,20.0,19.0,2.0,5.0,13.0,9.0,15.0,26.0,25.0,16.0,22.0,23.0,4.0,,,
2020-06-29,14.0,20.0,,1.0,10.0,13.0,24.0,18.0,4.0,11.0,6.0,2.0,23.0,12.0,3.0,15.0,8.0,26.0,9.0,17.0,27.0,22.0,16.0,21.0,25.0,7.0,5.0,19.0,,,
2020-07-06,9.0,27.0,,23.0,20.0,10.0,7.0,14.0,15.0,5.0,19.0,11.0,25.0,6.0,13.0,12.0,8.0,26.0,3.0,17.0,22.0,1.0,2.0,24.0,21.0,4.0,18.0,16.0,,,
2020-07-13,7.0,5.0,,20.0,21.0,12.0,16.0,19.0,14.0,23.0,27.0,25.0,1.0,8.0,24.0,26.0,2.0,18.0,3.0,22.0,10.0,13.0,17.0,15.0,6.0,11.0,9.0,4.0,,,
2020-07-20,13.0,10.0,,5.0,7.0,3.0,12.0,26.0,9.0,25.0,2.0,23.0,19.0,17.0,21.0,20.0,6.0,1.0,16.0,15.0,24.0,22.0,18.0,4.0,27.0,14.0,8.0,11.0,,,
2020-07-27,13.0,4.0,,8.0,16.0,2.0,10.0,21.0,23.0,9.0,17.0,18.0,3.0,1.0,24.0,19.0,5.0,25.0,7.0,6.0,22.0,11.0,26.0,27.0,12.0,20.0,15.0,14.0,,,
2020-08-03,18.0,25.0,,1.0,4.0,7.0,9.0,21.0,14.0,24.0,27.0,23.0,12.0,26.0,2.0,15.0,17.0,13.0,22.0,19.0,11.0,8.0,10.0,20.0,16.0,6.0,3.0,5.0,,,
2020-08-10,10.0,24.0,,2.0,23.0,6.0,17.0,14.0,21.0,11.0,8.0,18.0,5.0,12.0,4.0,15.0,26.0,3.0,27.0,25.0,19.0,16.0,1.0,9.0,7.0,13.0,22.0,20.0,,,
2020-08-17,4.0,10.0,,26.0,7.0,14.0,19.0,1.0,6.0,18.0,11.0,5.0,12.0,2.0,25.0,20.0,21.0,24.0,17.0,22.0,3.0,15.0,23.0,27.0,9.0,16.0,13.0,8.0,,,
2020-08-24,19.0,9.0,,27.0,26.0,8.0,12.0,21.0,23.0,16.0,6.0,25.0,2.0,13.0,3.0,4.0,11.0,10.0,22.0,17.0,24.0,15.0,1.0,7.0,14.0,5.0,18.0,20.0,,,
2020-08-31,20.0,3.0,,27.0,11.0,14.0,22.0,18.0,13.0,5.0,2.0,26.0,12.0,7.0,1.0,6.0,24.0,16.0,17.0,10.0,4.0,8.0,23.0,25.0,9.0,19.0,15.0,21.0,,,
2020-09-07,14.0,17.0,,24.0,9.0,4.0,15.0,13.0,18.0,20.0,1.0,21.0,19.0,2.0,25.0,26.0,3.0,23.0,11.0,12.0,6.0,5.0,10.0,27.0,22.0,7.0,8.0,16.0,,,
2020-09-14,14.0,7.0,,2.0,6.0,13.0,5.0,24.0,27.0,12.0,9.0,3.0,17.0,22.0,26.0,15.0,19.0,8.0,20.0,11.0,16.0,18.0,4.0,1.0,10.0,25.0,23.0,21.0,,,
2020-09-21,4.0,18.0,,12.0,3.0,20.0,15.0,7.0,2.0,16.0,19.0,5.0,8.0,17.0,22.0,21.0,23.0,26.0,1.0,9.0,11.0,14.0,24.0,27.0,10.0,6.0,25.0,13.0,,,
2020-09-28,24.0,2.0,,25.0,18.0,4.0,19.0,17.0,11.0,8.0,6.0,10.0,1.0,13.0,21.0,3.0,15.0,26.0,9.0,20.0,12.0,7.0,23.0,27.0,22.0,16.0,5.0,14.0,,,
2020-10-05,4.0,27.0,,1.0,14.0,9.0,6.0,21.0,25.0,23.0,11.0,3.0,8.0,16.0,22.0,24.0,26.0,20.0,12.0,10.0,7.0,13.0,19.0,5.0,15.0,17.0,2.0,18.0,,,
2020-10-12,2.0,16.0,,22.0,1.0,10.0,23.0,13.0,7.0,8.0,11.0,12.0,18.0,9.0,15.0,20.0,25.0,24.0,17.0,14.0,3.0,4.0,26.0,27.0,5.0,21.0,6.0,19.0,,,
2020-10-19,24.0,13.0,,3.0,26.0,25.0,20.0,23.0,12.0,27.0,10.0,16.0,4.0,22.0,2.0,14.0,21.0,7.0,6.0,19.0,15.0,9.0,1.0,8.0,18.0,5.0,11.0,17.0,,,
2020-10-26,20.0,4.0,,27.0,8.0,21.0,6.0,5.0,18.0,19.0,17.0,9.0,23.0,14.0,26.0,16.0,25.0,22.0,13.0,7.0,3.0,15.0,10.0,1.0,24.0,12.0,2.0,11.0,,,
2020-11-02,12.0,18.0,,26.0,21.0,5.0,27.0,16.0,17.0,8.0,22.0,2.0,7.0,24.0,13.0,23.0,1.0,11.0,19.0,9.0,25.0,20.0,4.0,6.0,14.0,3.0,10.0,15.0,,,
2020-11-09,18.0,20.0,,5.0,22.0,26.0,15.0,16.0,10.0,3.0,25.0,13.0,23.0,24.0,12.0,2.0,6.0,4.0,17.0,21.0,27.0,9.0,8.0,1.0,7.0,11.0,14.0,19.0,,,
2020-11-16,20.0,18.0,,21.0,11.0,15.0,22.0,4.0,25.0,23.0,9.0,8.0,5.0,12.0,2.0,7.0,14.0,3.0,27.0,17.0,13.0,19.0,10.0,1.0,26.0,24.0,6.0,16.0,,,
2020-11-23,14.0,24.0,,10.0,15.0,5.0,22.0,11.0,23.0,17.0,26.0,12.0,27.0,16.0,2.0,3.0,20.0,7.0,21.0,19.0,25.0,8.0,6.0,1.0,4.0,13.0,9.0,18.0,,,
2020-11-30,16.0,12.0,,20.0,18.0,13.0,27.0,14.0,24.0,22.0,4.0,11.0,23.0,19.0,7.0,3.0,1.0,2.0,25.0,5.0,26.0,15.0,10.0,8.0,21.0,6.0,9.0,17.0,,,
2020-12-07,22.0,13.0,,2.0,4.0,9.0,15.0,14.0,5.0,8.0,12.0,23.0,19.0,26.0,24.0,18.0,10.0,17.0,20.0,11.0,7.0,16.0,27.0,1.0,3.0,25.0,21.0,6.0,,,
2020-12-14,6.0,21.0,1.0,3.0,8.0,11.0,14.0,19.0,9.0,18.0,26.0,7.0,22.0,12.0,25.0,27.0,4.0,23.0,20.0,15.0,24.0,5.0,2.0,28.0,10.0,17.0,13.0,16.0,,,
2020-12-21,19.0,6.0,1.0,2.0,5.0,15.0,16.0,24.0,18.0,23.0,11.0,21.0,13.0,8.0,7.0,4.0,20.0,26.0,22.0,25.0,28.0,27.0,17.0,3.0,12.0,10.0,14.0,9.0,,,
2020-12-28,14.0,22.0,28.0,26.0,16.0,27.0,6.0,13.0,9.0,25.0,7.0,15.0,20.0,3.0,2.0,23.0,4.0,10.0,5.0,17.0,24.0,21.0,12.0,11.0,19.0,8.0,18.0,1.0,,,
2021-01-04,19.0,25.0,18.0,6.0,2.0,4.0,5.0,27.0,20.0,23.0,10.0,15.0,13.0,24.0,9.0,8.0,28.0,7.0,26.0,11.0,16.0,17.0,14.0,1.0,12.0,21.0,3.0,22.0,,,
2021-01-11,15.0,11.0,28.0,1.0,27.0,21.0,26.0,9.0,24.0,20.0,4.0,3.0,8.0,19.0,6.0,2.0,12.0,22.0,13.0,5.0,7.0,18.0,10.0,16.0,23.0,25.0,14.0,17.0,,,
2021-01-18,5.0,23.0,25.0,27.0,9.0,12.0,11.0,17.0,16.0,22.0,15.0,13.0,7.0,10.0,19.0,2.0,3.0,28.0,21.0,4.0,26.0,14.0,24.0,1.0,6.0,8.0,18.0,20.0,,,
2021-01-25,12.0,11.0,3.0,5.0,23.0,15.0,22.0,26.0,7.0,8.0,20.0,28.0,25.0,18.0,1.0,4.0,2.0,19.0,13.0,21.0,6.0,9.0,14.0,17.0,10.0,27.0,24.0,16.0,,,
2021-02-01,10.0,16.0,18.0,12.0,11.0,21.0,8.0,22.0,17.0,25.0,5.0,6.0,4.0,19.0,26.0,28.0,27.0,13.0,20.0,23.0,24.0,15.0,3.0,1.0,7.0,2.0,9.0,14.0,,,
2021-02-08,27.0,18.0,9.0,1.0,6.0,28.0,14.0,16.0,13.0,22.0,7.0,4.0,15.0,25.0,23.0,21.0,5.0,10.0,26.0,3.0,24.0,8.0,17.0,2.0,12.0,20.0,19.0,11.0,,,
2021-02-15,19.0,18.0,26.0,13.0,17.0,15.0,2.0,24.0,16.0,23.0,14.0,21.0,4.0,6.0,10.0,22.0,28.0,9.0,12.0,7.0,20.0,8.0,3.0,25.0,11.0,1.0,27.0,5.0,,,
2021-02-22,14.0,20.0,28.0,16.0,12.0,27.0,5.0,19.0,23.0,21.0,24.0,25.0,10.0,15.0,13.0,8.0,2.0,4.0,26.0,22.0,6.0,11.0,7.0,1.0,17.0,3.0,9.0,18.0,,,
2021-03-01,18.0,20.0,28.0,5.0,26.0,2.0,4.0,17.0,22.0,16.0,9.0,24.0,6.0,7.0,21.0,14.0,10.0,3.0,8.0,25.0,13.0,15.0,11.0,1.0,27.0,12.0,23.0,19.0,,,
2021-03-08,20.0,15.0,28.0,19.0,16.0,14.0,22.0,18.0,23.0,2.0,4.0,13.0,3.0,17.0,1.0,26.0,5.0,27.0,21.0,25.0,6.0,8.0,7.0,10.0,24.0,11.0,12.0,9.0,,,
2021-03-15,1.0,21.0,28.0,22.0,26.0,24.0,12.0,18.0,10.0,2.0,5.0,15.0,8.0,14.0,9.0,17.0,19.0,27.0,3.0,6.0,7.0,20.0,16.0,13.0,25.0,23.0,4.0,11.0,,,
2021-03-22,25.0,5.0,28.0,2.0,8.0,6.0,1.0,12.0,3.0,10.0,14.0,7.0,22.0,16.0,27.0,24.0,23.0,20.0,11.0,17.0,21.0,9.0,15.0,13.0,4.0,19.0,26.0,18.0,,,
2021-03-29,8.0,17.0,2.0,7.0,21.0,11.0,27.0,9.0,19.0,16.0,23.0,1.0,14.0,20.0,28.0,25.0,26.0,15.0,10.0,6.0,3.0,12.0,22.0,4.0,24.0,13.0,5.0,18.0,,,
2021-04-05,20.0,21.0,27.0,28.0,16.0,19.0,23.0,17.0,4.0,15.0,3.0,5.0,1.0,6.0,2.0,8.0,9.0,25.0,13.0,14.0,11.0,7.0,18.0,26.0,12.0,22.0,24.0,10.0,,,
2021-04-12,24.0,17.0,1.0,12.0,20.0,2.0,25.0,15.0,3.0,21.0,18.0,27.0,14.0,9.0,23.0,8.0,4.0,16.0,7.0,19.0,26.0,5.0,11.0,28.0,22.0,6.0,13.0,10.0,,,
2021-04-19,1.0,2.0,4.0,27.0,9.0,17.0,22.0,7.0,10.0,16.0,13.0,18.0,3.0,5.0,14.0,6.0,25.0,15.0,21.0,26.0,24.0,19.0,8.0,20.0,28.0,12.0,23.0,11.0,,,
2021-04-26,5.0,17.0,27.0,10.0,26.0,8.0,6.0,18.0,25.0,16.0,12.0,28.0,21.0,19.0,20.0,2.0,11.0,1.0,7.0,24.0,22.0,13.0,23.0,15.0,9.0,14.0,4.0,3.0,,,
2021-05-03,17.0,21.0,28.0,2.0,26.0,5.0,8.0,16.0,25.0,6.0,11.0,24.0,12.0,3.0,13.0,23.0,1.0,4.0,18.0,19.0,14.0,20.0,27.0,7.0,10.0,22.0,15.0,9.0,,,
2021-05-10,9.0,4.0,26.0,1.0,7.0,24.0,22.0,2.0,18.0,13.0,6.0,28.0,10.0,20.0,5.0,3.0,19.0,8.0,11.0,25.0,12.0,14.0,21.0,16.0,23.0,17.0,27.0,15.0,,,
2021-05-17,10.0,19.0,1.0,2.0,16.0,6.0,22.0,14.0,13.0,3.0,26.0,7.0,28.0,25.0,8.0,4.0,11.0,27.0,12.0,5.0,17.0,20.0,9.0,18.0,23.0,21.0,24.0,15.0,,,
2021-05-24,18.0,11.0,19.0,17.0,8.0,4.0,12.0,15.0,21.0,24.0,6.0,7.0,9.0,14.0,22.0,2.0,16.0,25.0,28.0,10.0,26.0,20.0,5.0,1.0,27.0,23.0,3.0,13.0,,,
2021-05-31,16.0,11.0,5.0,14.0,26.0,6.0,7.0,12.0,19.0,20.0,25.0,22.0,28.0,21.0,24.0,4.0,17.0,2.0,8.0,15.0,9.0,27.0,13.0,1.0,10.0,23.0,3.0,18.0,,,
2021-06-07,9.0,13.0,27.0,2.0,12.0,17.0,8.0,18.0,4.0,7.0,15.0,23.0,6.0,21.0,1.0,5.0,14.0,25.0,16.0,11.0,19.0,22.0,26.0,28.0,3.0,10.0,24.0,20.0,,,
2021-06-14,14.0,6.0,7.0,15.0,8.0,27.0,24.0,2.0,12.0,16.0,20.0,4.0,10.0,22.0,21.0,9.0,13.0,19.0,18.0,1.0,3.0,17.0,5.0,11.0,28.0,25.0,26.0,23.0,,,
2021-06-21,12.0,27.0,8.0,2.0,20.0,11.0,19.0,16.0,26.0,23.0,3.0,15.0,6.0,10.0,4.0,9.0,24.0,28.0,25.0,22.0,7.0,5.0,17.0,1.0,14.0,18.0,13.0,21.0,,,
2021-06-28,4.0,13.0,27.0,23.0,2.0,6.0,10.0,17.0,9.0,22.0,19.0,1.0,18.0,15.0,26.0,7.0,25.0,12.0,8.0,5.0,24.0,16.0,20.0,28.0,11.0,14.0,3.0,21.0,,,
2021-07-05,17.0,2.0,19.0,1.0,4.0,20.0,5.0,16.0,3.0,18.0,6.0,24.0,22.0,14.0,9.0,25.0,13.0,21.0,7.0,15.0,11.0,8.0,26.0,27.0,10.0,12.0,28.0,23.0,,,
2021-07-12,7.0,3.0,27.0,26.0,11.0,21.0,10.0,5.0,1.0,13.0,24.0,12.0,25.0,15.0,22.0,17.0,19.0,23.0,2.0,8.0,4.0,6.0,14.0,28.0,9.0,20.0,18.0,16.0,,,
2021-07-19,8.0,24.0,16.0,7.0,3.0,20.0,10.0,4.0,21.0,18.0,2.0,1.0,9.0,19.0,25.0,26.0,6.0,23.0,27.0,12.0,22.0,14.0,17.0,28.0,13.0,5.0,11.0,15.0,,,
2021-07-26,6.0,21.0,26.0,22.0,17.0,5.0,2.0,16.0,8.0,19.0,27.0,10.0,20.0,23.0,13.0,24.0,15.0,14.0,25.0,11.0,4.0,12.0,7.0,18.0,9.0,28.0,3.0,1.0,,,
2021-08-02,8.0,21.0,26.0,18.0,14.0,15.0,22.0,6.0,9.0,4.0,28.0,7.0,20.0,17.0,3.0,10.0,1.0,24.0,25.0,5.0,27.0,13.0,16.0,19.0,12.0,23.0,11.0,2.0,,,
2021-08-09,5.0,23.0,14.0,27.0,10.0,7.0,1.0,15.0,18.0,16.0,8.0,28.0,21.0,4.0,11.0,17.0,19.0,22.0,20.0,24.0,2.0,12.0,6.0,26.0,3.0,13.0,25.0,9.0,,,
2021-08-16,6.0,3.0,23.0,24.0,7.0,25.0,27.0,10.0,9.0,8.0,2.0,4.0,13.0,17.0,1.0,21.0,11.0,22.0,5.0,12.0,20.0,15.0,26.0,28.0,18.0,16.0,19.0,14.0,,,
2021-08-23,19.0,16.0,5.0,2.0,20.0,6.0,13.0,23.0,25.0,27.0,24.0,4.0,28.0,15.0,18.0,9.0,12.0,3.0,26.0,14.0,21.0,11.0,8.0,1.0,10.0,7.0,17.0,22.0,,,
2021-08-30,13.0,4.0,8.0,1.0,14.0,20.0,25.0,12.0,5.0,16.0,11.0,7.0,22.0,18.0,26.0,3.0,28.0,24.0,10.0,9.0,6.0,19.0,23.0,2.0,21.0,17.0,27.0,15.0,,,
2021-09-06,3.0,20.0,8.0,13.0,16.0,26.0,15.0,10.0,21.0,27.0,28.0,9.0,24.0,12.0,23.0,14.0,25.0,1.0,18.0,17.0,22.0,11.0,7.0,2.0,6.0,4.0,19.0,5.0,,,
2021-09-13,13.0,20.0,14.0,4.0,12.0,25.0,21.0,11.0,27.0,24.0,26.0,22.0,9.0,18.0,3.0,6.0,19.0,7.0,17.0,16.0,8.0,10.0,2.0,1.0,28.0,5.0,23.0,15.0,,,
2021-09-20,17.0,14.0,21.0,5.0,8.0,28.0,9.0,23.0,15.0,20.0,26.0,4.0,25.0,16.0,2.0,12.0,19.0,27.0,24.0,22.0,18.0,11.0,10.0,3.0,13.0,6.0,7.0,1.0,,,
2021-09-27,21.0,15.0,28.0,3.0,26.0,2.0,11.0,13.0,17.0,6.0,24.0,27.0,16.0,20.0,25.0,18.0,12.0,4.0,14.0,22.0,10.0,9.0,5.0,1.0,8.0,7.0,23.0,19.0,,,
2021-10-04,17.0,13.0,22.0,3.0,9.0,7.0,10.0,15.0,11.0,23.0,14.0,27.0,21.0,20.0,19.0,16.0,25.0,2.0,28.0,18.0,8.0,6.0,26.0,1.0,12.0,24.0,5.0,4.0,,,
2021-10-11,6.0,5.0,8.0,28.0,23.0,21.0,20.0,13.0,12.0,22.0,17.0,16.0,26.0,15.0,3.0,14.0,25.0,7.0,9.0,19.0,24.0,10.0,11.0,27.0,4.0,18.0,2.0,1.0,,,
2021-10-18,4.0,23.0,18.0,9.0,17.0,27.0,21.0,2.0,26.0,19.0,12.0,10.0,16.0,8.0,1.0,5.0,11.0,22.0,24.0,13.0,20.0,6.0,7.0,3.0,14.0,25.0,28.0,15.0,,,
2021-10-25,7.0,5.0,16.0,20.0,21.0,23.0,10.0,8.0,6.0,15.0,18.0,4.0,12.0,17.0,14.0,19.0,13.0,26.0,22.0,9.0,27.0,25.0,28.0,2.0,24.0,11.0,3.0,1.0,,,
2021-11-01,26.0,25.0,12.0,16.0,14.0,3.0,17.0,15.0,20.0,7.0,5.0,4.0,6.0,28.0,2.0,1.0,18.0,21.0,27.0,24.0,19.0,23.0,11.0,10.0,13.0,9.0,8.0,22.0,,,
2021-11-08,8.0,16.0,20.0,28.0,10.0,6.0,7.0,14.0,19.0,1.0,2.0,22.0,13.0,9.0,21.0,24.0,17.0,25.0,3.0,12.0,15.0,5.0,27.0,26.0,23.0,18.0,11.0,4.0,,,
2021-11-15,21.0,9.0,28.0,22.0,14.0,19.0,4.0,12.0,3.0,5.0,24.0,10.0,17.0,23.0,1.0,6.0,25.0,27.0,7.0,2.0,15.0,18.0,11.0,26.0,20.0,13.0,16.0,8.0,,,
2021-11-22,2.0,10.0,13.0,3.0,18.0,11.0,24.0,20.0,22.0,12.0,14.0,16.0,28.0,8.0,27.0,26.0,17.0,1.0,6.0,9.0,5.0,7.0,21.0,19.0,4.0,25.0,23.0,15.0,,,
2021-11-29,22.0,11.0,27.0,28.0,8.0,12.0,13.0,17.0,4.0,10.0,24.0,1.0,21.0,7.0,26.0,25.0,5.0,20.0,9.0,2.0,6.0,14.0,18.0,16.0,23.0,19.0,15.0,3.0,,,
