year,week,AB,ACC,ADS,AI,AR,BMI,CC,CMC,CNS,CWT,EPC,FL,FORM,GPS,LEG,M,MAC,MD,NOV,PCI,PNW,RMBS,SEB,SF,SIX,SM,TCO,TRN,VAC,VC,WIRE
2012,1,3.0,16.0,14.0,27.0,28.0,7.0,29.0,1.0,21.0,23.0,24.0,6.0,12.0,22.0,11.0,2.0,9.0,20.0,8.0,30.0,15.0,25.0,26.0,19.0,18.0,4.0,31.0,17.0,10.0,5.0,13.0
2012,2,21.0,18.0,4.0,27.0,28.0,2.0,29.0,26.0,6.0,11.0,16.0,14.0,23.0,8.0,17.0,15.0,10.0,20.0,5.0,30.0,12.0,13.0,22.0,19.0,7.0,25.0,31.0,1.0,3.0,24.0,9.0
2012,3,4.0,21.0,15.0,27.0,28.0,11.0,29.0,26.0,14.0,17.0,13.0,5.0,2.0,19.0,10.0,12.0,6.0,8.0,16.0,30.0,23.0,3.0,20.0,1.0,18.0,25.0,31.0,22.0,7.0,24.0,9.0
2012,4,22.0,6.0,8.0,27.0,28.0,18.0,29.0,1.0,2.0,15.0,17.0,9.0,25.0,10.0,23.0,24.0,12.0,13.0,5.0,30.0,11.0,26.0,4.0,21.0,7.0,16.0,31.0,20.0,3.0,19.0,14.0
2012,5,3.0,17.0,11.0,27.0,28.0,6.0,29.0,13.0,19.0,14.0,25.0,18.0,15.0,1.0,16.0,5.0,23.0,20.0,7.0,30.0,24.0,26.0,10.0,12.0,21.0,22.0,31.0,9.0,2.0,4.0,8.0
2012,6,26.0,17.0,4.0,27.0,28.0,23.0,29.0,22.0,21.0,19.0,10.0,12.0,13.0,14.0,25.0,15.0,11.0,6.0,8.0,30.0,9.0,3.0,18.0,24.0,1.0,2.0,31.0,7.0,5.0,16.0,20.0
2012,7,25.0,24.0,16.0,27.0,28.0,7.0,29.0,26.0,15.0,13.0,9.0,6.0,22.0,5.0,8.0,14.0,12.0,10.0,17.0,30.0,19.0,21.0,18.0,2.0,20.0,4.0,31.0,3.0,23.0,1.0,11.0
2012,8,5.0,14.0,8.0,27.0,28.0,18.0,29.0,10.0,19.0,9.0,17.0,11.0,20.0,15.0,3.0,7.0,22.0,12.0,6.0,30.0,16.0,26.0,24.0,23.0,21.0,4.0,31.0,13.0,1.0,25.0,2.0
2012,9,6.0,10.0,11.0,27.0,28.0,25.0,29.0,9.0,24.0,18.0,14.0,7.0,4.0,1.0,15.0,5.0,8.0,21.0,20.0,30.0,13.0,26.0,22.0,19.0,12.0,23.0,31.0,16.0,2.0,3.0,17.0
2012,10,1.0,5.0,14.0,27.0,28.0,7.0,29.0,24.0,19.0,15.0,16.0,2.0,25.0,11.0,12.0,6.0,22.0,8.0,23.0,30.0,13.0,21.0,10.0,18.0,9.0,17.0,31.0,20.0,3.0,26.0,4.0
2012,11,26.0,8.0,13.0,27.0,28.0,11.0,29.0,3.0,12.0,24.0,21.0,25.0,1.0,15.0,2.0,19.0,6.0,9.0,7.0,30.0,23.0,18.0,10.0,4.0,20.0,14.0,31.0,5.0,22.0,17.0,16.0
2012,12,5.0,17.0,9.0,27.0,28.0,6.0,29.0,14.0,18.0,13.0,21.0,2.0,15.0,1.0,24.0,12.0,16.0,20.0,23.0,30.0,11.0,22.0,7.0,3.0,8.0,26.0,31.0,25.0,4.0,10.0,19.0
2012,13,9.0,4.0,13.0,27.0,28.0,7.0,29.0,1.0,6.0,14.0,16.0,12.0,21.0,19.0,5.0,15.0,2.0,10.0,20.0,30.0,8.0,25.0,18.0,24.0,17.0,26.0,31.0,22.0,3.0,23.0,11.0
2012,14,22.0,8.0,9.0,27.0,28.0,7.0,29.0,17.0,1.0,14.0,19.0,4.0,26.0,3.0,6.0,2.0,12.0,20.0,10.0,30.0,16.0,25.0,18.0,13.0,15.0,23.0,31.0,11.0,5.0,24.0,21.0
2012,15,9.0,14.0,10.0,27.0,28.0,17.0,29.0,4.0,2.0,15.0,8.0,12.0,1.0,3.0,22.0,13.0,5.0,19.0,7.0,30.0,11.0,25.0,21.0,24.0,16.0,20.0,31.0,23.0,6.0,26.0,18.0
2012,16,25.0,10.0,6.0,27.0,28.0,1.0,29.0,23.0,3.0,13.0,16.0,14.0,18.0,2.0,4.0,24.0,7.0,12.0,19.0,30.0,5.0,26.0,11.0,17.0,8.0,22.0,31.0,21.0,15.0,9.0,20.0
2012,17,20.0,17.0,13.0,27.0,28.0,4.0,29.0,8.0,15.0,9.0,16.0,18.0,19.0,11.0,25.0,3.0,6.0,22.0,24.0,30.0,12.0,23.0,2.0,7.0,5.0,10.0,31.0,21.0,14.0,1.0,26.0
2012,18,7.0,4.0,17.0,27.0,28.0,22.0,29.0,20.0,8.0,16.0,2.0,9.0,1.0,12.0,15.0,6.0,5.0,21.0,23.0,30.0,10.0,19.0,18.0,14.0,11.0,13.0,31.0,25.0,3.0,26.0,24.0
2012,19,1.0,6.0,10.0,27.0,28.0,4.0,29.0,25.0,12.0,8.0,18.0,24.0,13.0,16.0,19.0,26.0,17.0,14.0,21.0,30.0,5.0,9.0,11.0,23.0,15.0,3.0,31.0,20.0,2.0,22.0,7.0
2012,20,13.0,8.0,10.0,27.0,28.0,4.0,29.0,20.0,19.0,7.0,5.0,1.0,16.0,18.0,9.0,14.0,17.0,11.0,15.0,30.0,6.0,22.0,3.0,23.0,12.0,26.0,31.0,25.0,21.0,24.0,2.0
2012,21,24.0,16.0,6.0,27.0,28.0,19.0,29.0,22.0,15.0,18.0,21.0,3.0,23.0,4.0,7.0,2.0,9.0,20.0,1.0,30.0,12.0,14.0,17.0,11.0,8.0,26.0,31.0,5.0,25.0,10.0,13.0
2012,22,25.0,10.0,15.0,27.0,28.0,16.0,29.0,11.0,21.0,5.0,14.0,22.0,2.0,24.0,7.0,8.0,17.0,12.0,18.0,30.0,3.0,1.0,4.0,20.0,9.0,26.0,31.0,23.0,13.0,19.0,6.0
2012,23,26.0,8.0,20.0,27.0,28.0,13.0,29.0,19.0,2.0,12.0,5.0,14.0,24.0,7.0,16.0,22.0,9.0,6.0,18.0,30.0,10.0,23.0,3.0,11.0,1.0,25.0,31.0,4.0,17.0,15.0,21.0
2012,24,19.0,16.0,3.0,27.0,28.0,18.0,29.0,11.0,20.0,14.0,10.0,24.0,2.0,7.0,15.0,22.0,21.0,6.0,4.0,30.0,8.0,1.0,13.0,12.0,9.0,25.0,31.0,26.0,5.0,23.0,17.0
2012,25,5.0,19.0,9.0,27.0,28.0,2.0,29.0,16.0,12.0,8.0,23.0,18.0,4.0,6.0,22.0,24.0,7.0,13.0,25.0,30.0,20.0,26.0,14.0,17.0,10.0,21.0,31.0,3.0,1.0,15.0,11.0
2012,26,10.0,11.0,12.0,27.0,28.0,21.0,29.0,4.0,5.0,14.0,8.0,9.0,25.0,24.0,7.0,20.0,13.0,1.0,18.0,30.0,17.0,19.0,15.0,23.0,3.0,2.0,31.0,16.0,22.0,26.0,6.0
2012,27,14.0,9.0,15.0,27.0,28.0,8.0,29.0,2.0,1.0,11.0,17.0,6.0,4.0,7.0,20.0,22.0,12.0,18.0,5.0,30.0,16.0,24.0,10.0,19.0,21.0,23.0,31.0,26.0,13.0,25.0,3.0
2012,28,22.0,5.0,21.0,27.0,28.0,11.0,29.0,19.0,3.0,6.0,14.0,1.0,24.0,13.0,7.0,15.0,17.0,20.0,8.0,30.0,4.0,25.0,2.0,10.0,16.0,18.0,31.0,9.0,23.0,26.0,12.0
2012,29,22.0,6.0,14.0,27.0,28.0,24.0,29.0,16.0,25.0,13.0,5.0,12.0,15.0,3.0,9.0,2.0,20.0,23.0,4.0,30.0,7.0,26.0,18.0,19.0,10.0,1.0,31.0,8.0,17.0,21.0,11.0
2012,30,12.0,19.0,20.0,27.0,28.0,24.0,29.0,23.0,6.0,22.0,8.0,15.0,16.0,11.0,7.0,10.0,13.0,14.0,4.0,30.0,17.0,25.0,9.0,21.0,3.0,26.0,31.0,1.0,2.0,5.0,18.0
2012,31,18.0,11.0,20.0,27.0,28.0,22.0,29.0,5.0,8.0,12.0,26.0,13.0,24.0,1.0,6.0,7.0,14.0,2.0,4.0,30.0,16.0,9.0,3.0,19.0,10.0,23.0,31.0,17.0,15.0,25.0,21.0
2012,32,4.0,24.0,10.0,27.0,28.0,18.0,29.0,5.0,9.0,13.0,23.0,14.0,21.0,7.0,16.0,8.0,25.0,11.0,6.0,30.0,20.0,2.0,19.0,17.0,26.0,3.0,31.0,15.0,22.0,1.0,12.0
2012,33,23.0,25.0,4.0,27.0,28.0,8.0,29.0,20.0,7.0,18.0,5.0,11.0,22.0,2.0,9.0,13.0,15.0,21.0,16.0,30.0,24.0,14.0,26.0,6.0,17.0,12.0,31.0,10.0,19.0,3.0,1.0
2012,34,1.0,6.0,8.0,27.0,28.0,19.0,29.0,24.0,25.0,15.0,7.0,20.0,23.0,17.0,10.0,4.0,3.0,11.0,13.0,30.0,14.0,9.0,26.0,2.0,21.0,22.0,31.0,16.0,18.0,5.0,12.0
2012,35,2.0,10.0,17.0,27.0,28.0,18.0,29.0,24.0,9.0,22.0,12.0,7.0,23.0,6.0,19.0,8.0,16.0,15.0,5.0,30.0,20.0,26.0,3.0,14.0,13.0,11.0,31.0,21.0,4.0,1.0,25.0
2012,36,24.0,26.0,18.0,27.0,28.0,5.0,29.0,4.0,15.0,25.0,16.0,8.0,12.0,23.0,20.0,22.0,19.0,9.0,11.0,30.0,21.0,3.0,6.0,7.0,10.0,1.0,31.0,2.0,17.0,13.0,14.0
2012,37,5.0,22.0,20.0,27.0,28.0,12.0,29.0,7.0,26.0,19.0,25.0,17.0,2.0,23.0,9.0,24.0,18.0,14.0,10.0,30.0,13.0,4.0,11.0,8.0,15.0,1.0,31.0,6.0,3.0,21.0,16.0
2012,38,10.0,22.0,4.0,27.0,28.0,5.0,29.0,26.0,18.0,8.0,1.0,11.0,12.0,2.0,7.0,15.0,21.0,3.0,20.0,30.0,14.0,17.0,16.0,23.0,6.0,25.0,31.0,24.0,13.0,19.0,9.0
2012,39,10.0,11.0,7.0,27.0,28.0,19.0,29.0,24.0,25.0,5.0,13.0,20.0,16.0,14.0,8.0,18.0,21.0,12.0,17.0,30.0,6.0,1.0,3.0,22.0,9.0,4.0,31.0,26.0,2.0,23.0,15.0
2012,40,15.0,23.0,14.0,27.0,28.0,2.0,29.0,10.0,5.0,21.0,20.0,17.0,26.0,7.0,18.0,3.0,12.0,22.0,19.0,30.0,16.0,24.0,9.0,11.0,4.0,25.0,31.0,6.0,1.0,8.0,13.0
2012,41,3.0,6.0,23.0,27.0,28.0,22.0,29.0,13.0,7.0,8.0,18.0,16.0,26.0,20.0,15.0,11.0,5.0,21.0,17.0,30.0,12.0,25.0,14.0,24.0,4.0,1.0,31.0,10.0,2.0,19.0,9.0
2012,42,14.0,15.0,5.0,27.0,28.0,1.0,29.0,3.0,25.0,22.0,19.0,8.0,2.0,18.0,6.0,17.0,21.0,24.0,9.0,30.0,16.0,26.0,23.0,11.0,7.0,13.0,31.0,4.0,10.0,20.0,12.0
2012,43,1.0,2.0,9.0,27.0,28.0,17.0,29.0,14.0,23.0,4.0,6.0,24.0,16.0,13.0,12.0,19.0,15.0,8.0,25.0,30.0,10.0,7.0,3.0,11.0,26.0,22.0,31.0,21.0,18.0,20.0,5.0
2012,44,13.0,7.0,16.0,27.0,28.0,17.0,29.0,6.0,15.0,24.0,11.0,12.0,20.0,22.0,3.0,4.0,14.0,2.0,26.0,30.0,18.0,10.0,19.0,21.0,23.0,5.0,31.0,9.0,25.0,1.0,8.0
2012,45,15.0,16.0,9.0,27.0,28.0,6.0,29.0,18.0,10.0,11.0,1.0,19.0,26.0,21.0,13.0,20.0,12.0,2.0,17.0,30.0,23.0,25.0,5.0,22.0,3.0,14.0,31.0,24.0,4.0,7.0,8.0
2012,46,10.0,15.0,16.0,27.0,28.0,6.0,29.0,21.0,5.0,17.0,14.0,4.0,26.0,9.0,11.0,1.0,12.0,22.0,2.0,30.0,7.0,24.0,19.0,18.0,8.0,25.0,31.0,20.0,3.0,13.0,23.0
2012,47,2.0,21.0,23.0,27.0,28.0,25.0,29.0,22.0,14.0,20.0,13.0,7.0,3.0,6.0,15.0,11.0,16.0,5.0,17.0,30.0,26.0,1.0,19.0,10.0,18.0,9.0,31.0,4.0,24.0,12.0,8.0
2012,48,24.0,20.0,15.0,27.0,28.0,5.0,29.0,17.0,6.0,10.0,8.0,9.0,3.0,23.0,13.0,26.0,19.0,14.0,25.0,30.0,4.0,7.0,2.0,21.0,1.0,22.0,31.0,11.0,12.0,18.0,16.0
2012,49,25.0,3.0,13.0,27.0,28.0,9.0,29.0,19.0,11.0,16.0,5.0,21.0,23.0,26.0,22.0,7.0,4.0,14.0,15.0,30.0,17.0,24.0,6.0,20.0,1.0,10.0,31.0,2.0,8.0,12.0,18.0
2012,50,15.0,12.0,8.0,27.0,28.0,10.0,29.0,2.0,5.0,13.0,20.0,25.0,4.0,18.0,21.0,22.0,14.0,16.0,23.0,30.0,19.0,1.0,7.0,6.0,26.0,24.0,31.0,3.0,17.0,9.0,11.0
2012,51,24.0,9.0,17.0,27.0,28.0,11.0,29.0,6.0,15.0,19.0,21.0,8.0,7.0,23.0,16.0,26.0,20.0,13.0,3.0,30.0,14.0,22.0,4.0,2.0,10.0,1.0,31.0,12.0,5.0,18.0,25.0
2012,52,1.0,8.0,11.0,27.0,28.0,7.0,29.0,22.0,5.0,3.0,13.0,25.0,18.0,19.0,9.0,4.0,10.0,14.0,21.0,30.0,20.0,24.0,15.0,16.0,6.0,26.0,31.0,12.0,17.0,2.0,23.0
2013,1,5.0,22.0,2.0,28.0,20.0,16.0,29.0,12.0,27.0,21.0,14.0,9.0,19.0,8.0,17.0,26.0,23.0,3.0,7.0,30.0,18.0,25.0,10.0,1.0,11.0,6.0,31.0,24.0,13.0,15.0,4.0
2013,2,1.0,13.0,4.0,27.0,28.0,16.0,29.0,20.0,19.0,5.0,10.0,9.0,2.0,23.0,17.0,26.0,24.0,18.0,22.0,30.0,21.0,3.0,25.0,6.0,15.0,8.0,31.0,14.0,11.0,7.0,12.0
2013,3,22.0,15.0,23.0,27.0,28.0,21.0,29.0,4.0,2.0,19.0,1.0,20.0,13.0,5.0,12.0,3.0,16.0,6.0,8.0,30.0,17.0,10.0,26.0,14.0,25.0,11.0,31.0,9.0,18.0,7.0,24.0
2013,4,7.0,22.0,15.0,27.0,28.0,18.0,29.0,4.0,3.0,19.0,24.0,8.0,25.0,11.0,6.0,21.0,16.0,13.0,12.0,30.0,14.0,2.0,17.0,5.0,26.0,9.0,31.0,1.0,23.0,20.0,10.0
2013,5,22.0,24.0,21.0,27.0,28.0,14.0,29.0,4.0,7.0,3.0,12.0,10.0,13.0,25.0,18.0,5.0,6.0,23.0,26.0,30.0,9.0,20.0,2.0,1.0,11.0,17.0,31.0,8.0,16.0,19.0,15.0
2013,6,13.0,16.0,22.0,27.0,28.0,26.0,29.0,15.0,21.0,19.0,18.0,12.0,23.0,24.0,14.0,10.0,4.0,17.0,25.0,30.0,11.0,8.0,7.0,9.0,6.0,5.0,31.0,3.0,1.0,20.0,2.0
2013,7,2.0,24.0,14.0,27.0,28.0,4.0,29.0,10.0,19.0,9.0,5.0,26.0,17.0,8.0,3.0,25.0,21.0,16.0,18.0,30.0,15.0,22.0,1.0,12.0,6.0,23.0,31.0,7.0,13.0,20.0,11.0
2013,8,1.0,10.0,16.0,27.0,28.0,12.0,29.0,25.0,21.0,8.0,11.0,9.0,6.0,22.0,23.0,14.0,15.0,17.0,19.0,30.0,7.0,4.0,18.0,20.0,3.0,2.0,31.0,5.0,26.0,13.0,24.0
2013,9,8.0,22.0,6.0,27.0,28.0,10.0,29.0,23.0,5.0,13.0,14.0,9.0,20.0,1.0,4.0,3.0,16.0,17.0,21.0,30.0,12.0,24.0,11.0,26.0,19.0,25.0,31.0,15.0,2.0,7.0,18.0
2013,10,25.0,23.0,22.0,27.0,28.0,18.0,29.0,11.0,2.0,8.0,5.0,26.0,24.0,1.0,6.0,14.0,9.0,19.0,15.0,30.0,16.0,12.0,21.0,3.0,17.0,4.0,31.0,7.0,20.0,10.0,13.0
2013,11,20.0,17.0,14.0,27.0,28.0,2.0,29.0,22.0,24.0,26.0,18.0,19.0,21.0,13.0,4.0,9.0,7.0,12.0,1.0,30.0,15.0,25.0,11.0,5.0,10.0,16.0,31.0,6.0,8.0,23.0,3.0
2013,12,19.0,11.0,13.0,27.0,28.0,9.0,29.0,8.0,12.0,24.0,1.0,2.0,18.0,21.0,5.0,4.0,10.0,7.0,25.0,30.0,16.0,14.0,17.0,26.0,3.0,22.0,31.0,20.0,15.0,23.0,6.0
2013,13,16.0,14.0,6.0,27.0,28.0,22.0,29.0,26.0,1.0,15.0,4.0,7.0,25.0,23.0,5.0,24.0,10.0,12.0,2.0,30.0,13.0,11.0,21.0,17.0,8.0,3.0,31.0,9.0,20.0,18.0,19.0
2013,14,20.0,3.0,15.0,27.0,28.0,12.0,29.0,26.0,21.0,8.0,14.0,11.0,24.0,4.0,13.0,2.0,6.0,22.0,18.0,30.0,7.0,1.0,10.0,23.0,5.0,19.0,31.0,25.0,9.0,17.0,16.0
2013,15,3.0,26.0,18.0,27.0,28.0,19.0,29.0,24.0,2.0,20.0,16.0,10.0,4.0,7.0,9.0,14.0,8.0,13.0,17.0,30.0,15.0,1.0,22.0,12.0,25.0,6.0,31.0,21.0,5.0,11.0,23.0
2013,16,8.0,15.0,1.0,27.0,28.0,26.0,29.0,21.0,11.0,5.0,14.0,24.0,22.0,13.0,17.0,10.0,4.0,9.0,23.0,30.0,3.0,25.0,7.0,18.0,6.0,2.0,31.0,20.0,12.0,16.0,19.0
2013,17,6.0,26.0,8.0,27.0,28.0,14.0,29.0,3.0,9.0,24.0,20.0,4.0,2.0,19.0,22.0,15.0,16.0,10.0,11.0,30.0,17.0,1.0,23.0,25.0,12.0,18.0,31.0,13.0,5.0,7.0,21.0
2013,18,10.0,19.0,4.0,27.0,28.0,24.0,29.0,3.0,17.0,8.0,5.0,2.0,14.0,7.0,22.0,6.0,12.0,23.0,21.0,30.0,16.0,1.0,13.0,11.0,18.0,20.0,31.0,25.0,26.0,15.0,9.0
2013,19,4.0,7.0,15.0,27.0,28.0,18.0,29.0,19.0,20.0,25.0,22.0,10.0,6.0,3.0,14.0,11.0,21.0,8.0,13.0,30.0,26.0,1.0,23.0,17.0,5.0,24.0,31.0,16.0,9.0,2.0,12.0
2013,20,16.0,23.0,17.0,27.0,28.0,20.0,29.0,14.0,5.0,13.0,6.0,12.0,1.0,21.0,10.0,7.0,19.0,8.0,18.0,30.0,11.0,24.0,25.0,3.0,15.0,9.0,31.0,22.0,26.0,2.0,4.0
2013,21,11.0,18.0,2.0,27.0,28.0,14.0,29.0,5.0,21.0,7.0,25.0,26.0,20.0,6.0,19.0,3.0,24.0,8.0,1.0,30.0,22.0,16.0,4.0,10.0,12.0,15.0,31.0,13.0,9.0,23.0,17.0
2013,22,10.0,25.0,21.0,27.0,28.0,4.0,29.0,13.0,26.0,20.0,16.0,7.0,1.0,14.0,24.0,18.0,23.0,9.0,11.0,30.0,19.0,5.0,3.0,2.0,22.0,17.0,31.0,15.0,8.0,6.0,12.0
2013,23,24.0,19.0,8.0,27.0,28.0,10.0,29.0,25.0,21.0,12.0,4.0,7.0,1.0,3.0,15.0,9.0,23.0,18.0,14.0,30.0,11.0,5.0,26.0,16.0,6.0,2.0,31.0,22.0,17.0,13.0,20.0
2013,24,15.0,20.0,13.0,27.0,28.0,25.0,29.0,12.0,23.0,9.0,6.0,14.0,2.0,21.0,4.0,11.0,18.0,8.0,16.0,30.0,7.0,1.0,3.0,17.0,22.0,24.0,31.0,26.0,10.0,5.0,19.0
2013,25,26.0,20.0,13.0,27.0,28.0,1.0,29.0,18.0,24.0,14.0,12.0,4.0,2.0,6.0,22.0,15.0,23.0,19.0,10.0,30.0,25.0,5.0,8.0,7.0,16.0,9.0,31.0,21.0,11.0,17.0,3.0
2013,26,26.0,1.0,5.0,27.0,28.0,23.0,29.0,3.0,18.0,13.0,10.0,19.0,20.0,17.0,11.0,9.0,6.0,7.0,16.0,30.0,4.0,22.0,8.0,14.0,25.0,24.0,31.0,2.0,15.0,12.0,21.0
2013,27,26.0,20.0,16.0,27.0,28.0,5.0,29.0,24.0,21.0,15.0,13.0,12.0,22.0,8.0,18.0,9.0,17.0,14.0,7.0,30.0,23.0,1.0,10.0,19.0,4.0,2.0,31.0,25.0,3.0,11.0,6.0
2013,28,19.0,7.0,6.0,27.0,28.0,23.0,29.0,16.0,1.0,3.0,2.0,12.0,8.0,5.0,15.0,24.0,9.0,10.0,20.0,30.0,4.0,11.0,25.0,18.0,22.0,26.0,31.0,21.0,14.0,17.0,13.0
2013,29,2.0,18.0,20.0,27.0,28.0,5.0,29.0,8.0,15.0,7.0,24.0,22.0,1.0,16.0,23.0,19.0,11.0,17.0,14.0,30.0,6.0,9.0,4.0,13.0,25.0,3.0,31.0,10.0,26.0,21.0,12.0
2013,30,4.0,25.0,6.0,27.0,28.0,17.0,29.0,5.0,16.0,3.0,10.0,15.0,26.0,8.0,24.0,18.0,22.0,7.0,23.0,30.0,14.0,11.0,20.0,9.0,2.0,21.0,31.0,19.0,13.0,12.0,1.0
2013,31,6.0,25.0,3.0,27.0,28.0,15.0,29.0,13.0,22.0,18.0,24.0,7.0,26.0,10.0,5.0,8.0,23.0,12.0,14.0,30.0,19.0,21.0,9.0,4.0,16.0,2.0,31.0,1.0,20.0,17.0,11.0
2013,32,19.0,18.0,4.0,27.0,28.0,6.0,29.0,5.0,11.0,12.0,15.0,26.0,21.0,24.0,20.0,14.0,10.0,7.0,9.0,30.0,16.0,25.0,17.0,8.0,23.0,22.0,31.0,3.0,1.0,2.0,13.0
2013,33,26.0,22.0,11.0,27.0,28.0,16.0,29.0,10.0,20.0,15.0,6.0,4.0,17.0,14.0,12.0,24.0,25.0,7.0,5.0,30.0,18.0,21.0,9.0,3.0,23.0,2.0,31.0,13.0,8.0,1.0,19.0
2013,34,22.0,6.0,12.0,27.0,28.0,7.0,29.0,17.0,20.0,19.0,13.0,26.0,25.0,23.0,21.0,16.0,10.0,9.0,14.0,30.0,18.0,24.0,5.0,4.0,3.0,8.0,31.0,1.0,15.0,11.0,2.0
2013,35,11.0,20.0,17.0,27.0,28.0,25.0,29.0,22.0,24.0,21.0,3.0,13.0,2.0,19.0,15.0,9.0,8.0,6.0,1.0,30.0,10.0,18.0,23.0,4.0,16.0,7.0,31.0,12.0,14.0,5.0,26.0
2013,36,7.0,16.0,12.0,27.0,28.0,22.0,29.0,6.0,5.0,24.0,26.0,15.0,1.0,21.0,13.0,14.0,19.0,17.0,3.0,30.0,25.0,2.0,18.0,9.0,10.0,4.0,31.0,8.0,23.0,11.0,20.0
2013,37,19.0,1.0,8.0,27.0,28.0,15.0,29.0,4.0,14.0,25.0,22.0,20.0,3.0,9.0,2.0,23.0,17.0,11.0,18.0,30.0,12.0,26.0,16.0,13.0,5.0,6.0,31.0,7.0,24.0,21.0,10.0
2013,38,3.0,25.0,10.0,27.0,28.0,18.0,29.0,4.0,1.0,9.0,15.0,19.0,26.0,22.0,23.0,21.0,11.0,24.0,16.0,30.0,7.0,2.0,8.0,12.0,17.0,13.0,31.0,14.0,6.0,20.0,5.0
2013,39,26.0,18.0,10.0,27.0,28.0,7.0,29.0,8.0,6.0,1.0,22.0,2.0,25.0,20.0,13.0,21.0,17.0,16.0,14.0,30.0,11.0,4.0,15.0,19.0,24.0,3.0,31.0,12.0,9.0,5.0,23.0
2013,40,11.0,25.0,1.0,27.0,28.0,13.0,29.0,21.0,26.0,16.0,10.0,17.0,23.0,12.0,19.0,8.0,20.0,7.0,6.0,30.0,15.0,5.0,18.0,24.0,22.0,2.0,31.0,14.0,3.0,9.0,4.0
2013,41,11.0,3.0,7.0,28.0,9.0,6.0,29.0,16.0,1.0,10.0,14.0,25.0,18.0,27.0,20.0,26.0,15.0,8.0,21.0,30.0,5.0,22.0,4.0,23.0,19.0,13.0,31.0,17.0,2.0,24.0,12.0
2013,42,4.0,6.0,13.0,28.0,11.0,1.0,29.0,12.0,3.0,17.0,25.0,10.0,27.0,23.0,26.0,8.0,5.0,16.0,9.0,30.0,19.0,18.0,24.0,14.0,7.0,2.0,31.0,22.0,20.0,15.0,21.0
2013,43,12.0,25.0,16.0,28.0,10.0,14.0,29.0,3.0,7.0,9.0,4.0,17.0,27.0,24.0,5.0,19.0,18.0,23.0,21.0,30.0,8.0,26.0,13.0,11.0,2.0,22.0,31.0,6.0,15.0,20.0,1.0
2013,44,2.0,16.0,10.0,28.0,21.0,19.0,29.0,9.0,24.0,14.0,18.0,5.0,20.0,11.0,26.0,4.0,12.0,6.0,22.0,30.0,25.0,7.0,27.0,23.0,15.0,8.0,31.0,1.0,13.0,17.0,3.0
2013,45,25.0,24.0,7.0,28.0,12.0,17.0,29.0,5.0,23.0,3.0,4.0,6.0,8.0,1.0,16.0,13.0,27.0,20.0,10.0,30.0,21.0,26.0,14.0,2.0,18.0,19.0,31.0,15.0,11.0,22.0,9.0
2013,46,21.0,23.0,10.0,28.0,27.0,12.0,29.0,20.0,3.0,18.0,6.0,8.0,24.0,13.0,15.0,1.0,7.0,9.0,11.0,30.0,22.0,19.0,25.0,17.0,5.0,4.0,31.0,2.0,16.0,14.0,26.0
2013,47,15.0,18.0,25.0,28.0,3.0,6.0,29.0,8.0,5.0,16.0,2.0,4.0,17.0,22.0,10.0,13.0,23.0,12.0,20.0,30.0,24.0,9.0,7.0,1.0,21.0,19.0,31.0,27.0,14.0,11.0,26.0
2013,48,7.0,25.0,17.0,28.0,21.0,4.0,29.0,14.0,9.0,12.0,13.0,8.0,3.0,20.0,15.0,2.0,22.0,16.0,26.0,30.0,23.0,19.0,6.0,24.0,18.0,27.0,31.0,10.0,11.0,5.0,1.0
2013,49,14.0,5.0,2.0,28.0,18.0,16.0,29.0,3.0,15.0,21.0,7.0,9.0,27.0,24.0,20.0,22.0,1.0,6.0,11.0,30.0,8.0,13.0,19.0,4.0,12.0,25.0,31.0,26.0,17.0,10.0,23.0
2013,50,19.0,21.0,6.0,28.0,3.0,25.0,29.0,12.0,26.0,18.0,17.0,11.0,2.0,16.0,9.0,7.0,20.0,24.0,23.0,30.0,15.0,1.0,10.0,14.0,22.0,27.0,31.0,4.0,13.0,8.0,5.0
2013,51,20.0,14.0,22.0,28.0,4.0,8.0,29.0,25.0,5.0,11.0,26.0,6.0,1.0,19.0,9.0,13.0,16.0,27.0,24.0,30.0,18.0,17.0,21.0,10.0,23.0,12.0,31.0,2.0,7.0,15.0,3.0
2013,52,12.0,23.0,4.0,28.0,2.0,13.0,29.0,1.0,7.0,5.0,18.0,25.0,11.0,24.0,8.0,14.0,19.0,22.0,10.0,30.0,21.0,26.0,15.0,17.0,9.0,6.0,31.0,20.0,27.0,16.0,3.0
2014,1,6.0,5.0,16.0,28.0,27.0,10.0,29.0,11.0,22.0,25.0,24.0,7.0,1.0,4.0,12.0,3.0,14.0,15.0,20.0,30.0,23.0,21.0,2.0,18.0,9.0,17.0,31.0,19.0,13.0,8.0,26.0
2014,2,5.0,7.0,23.0,28.0,26.0,24.0,29.0,8.0,18.0,14.0,16.0,19.0,15.0,12.0,22.0,2.0,17.0,11.0,21.0,30.0,6.0,27.0,25.0,4.0,10.0,13.0,31.0,9.0,20.0,1.0,3.0
2014,3,3.0,10.0,15.0,28.0,4.0,13.0,29.0,11.0,25.0,12.0,16.0,26.0,5.0,27.0,23.0,9.0,20.0,7.0,19.0,30.0,21.0,22.0,17.0,8.0,14.0,6.0,31.0,1.0,24.0,18.0,2.0
2014,4,18.0,4.0,16.0,28.0,3.0,10.0,29.0,27.0,26.0,2.0,21.0,20.0,5.0,8.0,6.0,19.0,11.0,15.0,23.0,30.0,9.0,1.0,12.0,22.0,14.0,7.0,31.0,13.0,17.0,24.0,25.0
2014,5,9.0,14.0,24.0,28.0,7.0,23.0,29.0,13.0,5.0,11.0,27.0,2.0,22.0,3.0,10.0,21.0,15.0,1.0,6.0,30.0,4.0,16.0,18.0,25.0,19.0,17.0,31.0,8.0,20.0,12.0,26.0
2014,6,22.0,24.0,1.0,28.0,27.0,7.0,29.0,19.0,15.0,26.0,8.0,10.0,17.0,2.0,6.0,16.0,3.0,18.0,12.0,30.0,9.0,21.0,20.0,14.0,23.0,4.0,31.0,13.0,5.0,11.0,25.0
2014,7,2.0,1.0,7.0,28.0,16.0,21.0,29.0,5.0,12.0,8.0,17.0,26.0,19.0,25.0,18.0,27.0,15.0,3.0,22.0,30.0,13.0,11.0,23.0,9.0,4.0,24.0,31.0,10.0,20.0,14.0,6.0
2014,8,3.0,22.0,12.0,28.0,21.0,20.0,29.0,26.0,18.0,7.0,24.0,4.0,6.0,11.0,13.0,17.0,15.0,9.0,25.0,30.0,16.0,5.0,23.0,8.0,2.0,27.0,31.0,1.0,19.0,10.0,14.0
2014,9,18.0,11.0,19.0,28.0,3.0,5.0,29.0,24.0,15.0,22.0,12.0,7.0,2.0,10.0,13.0,1.0,25.0,20.0,9.0,30.0,14.0,26.0,23.0,21.0,8.0,16.0,31.0,4.0,6.0,27.0,17.0
2014,10,23.0,21.0,13.0,28.0,11.0,20.0,29.0,8.0,9.0,25.0,24.0,1.0,22.0,27.0,17.0,15.0,16.0,10.0,7.0,30.0,26.0,2.0,5.0,18.0,6.0,14.0,31.0,4.0,3.0,12.0,19.0
2014,11,6.0,4.0,21.0,28.0,17.0,20.0,29.0,25.0,23.0,1.0,13.0,19.0,24.0,11.0,12.0,5.0,10.0,8.0,26.0,30.0,3.0,2.0,9.0,14.0,7.0,27.0,31.0,22.0,15.0,16.0,18.0
2014,12,1.0,24.0,12.0,28.0,3.0,9.0,29.0,14.0,2.0,13.0,8.0,15.0,20.0,25.0,16.0,21.0,18.0,17.0,22.0,30.0,27.0,5.0,10.0,4.0,23.0,19.0,31.0,6.0,7.0,11.0,26.0
2014,13,16.0,7.0,23.0,28.0,10.0,14.0,29.0,19.0,13.0,18.0,3.0,9.0,27.0,22.0,6.0,12.0,4.0,17.0,1.0,30.0,11.0,2.0,21.0,20.0,24.0,5.0,31.0,25.0,15.0,8.0,26.0
2014,14,18.0,14.0,27.0,28.0,5.0,7.0,29.0,3.0,17.0,22.0,24.0,19.0,21.0,6.0,16.0,15.0,12.0,9.0,10.0,30.0,11.0,2.0,25.0,26.0,20.0,8.0,31.0,23.0,1.0,4.0,13.0
2014,15,8.0,7.0,25.0,28.0,17.0,20.0,29.0,13.0,2.0,16.0,10.0,21.0,12.0,27.0,9.0,19.0,3.0,18.0,5.0,30.0,4.0,1.0,11.0,26.0,14.0,6.0,31.0,15.0,24.0,23.0,22.0
2014,16,18.0,20.0,25.0,28.0,22.0,27.0,29.0,6.0,24.0,17.0,15.0,9.0,26.0,21.0,11.0,23.0,7.0,19.0,4.0,30.0,13.0,1.0,14.0,8.0,10.0,3.0,31.0,5.0,16.0,12.0,2.0
2014,17,9.0,8.0,27.0,28.0,18.0,17.0,29.0,21.0,15.0,14.0,12.0,6.0,20.0,10.0,25.0,7.0,23.0,22.0,5.0,30.0,3.0,19.0,24.0,13.0,16.0,2.0,31.0,1.0,26.0,11.0,4.0
2014,18,22.0,7.0,14.0,28.0,3.0,21.0,29.0,6.0,17.0,24.0,1.0,10.0,11.0,13.0,4.0,19.0,12.0,20.0,27.0,30.0,25.0,18.0,23.0,8.0,15.0,26.0,31.0,5.0,2.0,9.0,16.0
2014,19,26.0,12.0,19.0,28.0,23.0,17.0,29.0,25.0,6.0,18.0,15.0,8.0,27.0,1.0,13.0,20.0,5.0,16.0,11.0,30.0,4.0,21.0,2.0,14.0,7.0,22.0,31.0,3.0,10.0,9.0,24.0
2014,20,4.0,10.0,9.0,28.0,25.0,17.0,29.0,11.0,18.0,23.0,20.0,5.0,26.0,6.0,16.0,3.0,12.0,14.0,7.0,30.0,13.0,24.0,1.0,27.0,22.0,8.0,31.0,2.0,19.0,15.0,21.0
2014,21,24.0,25.0,4.0,28.0,26.0,8.0,29.0,27.0,5.0,11.0,16.0,19.0,1.0,21.0,13.0,18.0,22.0,23.0,17.0,30.0,20.0,7.0,15.0,12.0,9.0,6.0,31.0,2.0,14.0,10.0,3.0
2014,22,6.0,14.0,5.0,28.0,10.0,20.0,29.0,27.0,24.0,2.0,9.0,25.0,1.0,17.0,13.0,3.0,15.0,11.0,19.0,30.0,12.0,4.0,7.0,26.0,18.0,22.0,31.0,8.0,16.0,23.0,21.0
2014,23,2.0,21.0,7.0,28.0,10.0,5.0,29.0,20.0,3.0,13.0,19.0,12.0,9.0,16.0,18.0,24.0,15.0,17.0,6.0,30.0,26.0,22.0,1.0,11.0,14.0,25.0,31.0,27.0,23.0,8.0,4.0
2014,24,23.0,17.0,5.0,28.0,21.0,16.0,29.0,22.0,25.0,4.0,7.0,10.0,2.0,20.0,19.0,27.0,26.0,9.0,6.0,30.0,12.0,1.0,8.0,18.0,14.0,3.0,31.0,15.0,11.0,13.0,24.0
2014,25,21.0,26.0,15.0,28.0,5.0,4.0,29.0,10.0,2.0,16.0,13.0,22.0,25.0,19.0,17.0,20.0,11.0,24.0,12.0,30.0,7.0,1.0,27.0,9.0,14.0,3.0,31.0,6.0,18.0,8.0,23.0
2014,26,18.0,9.0,5.0,28.0,15.0,20.0,29.0,27.0,19.0,3.0,21.0,7.0,10.0,24.0,17.0,12.0,22.0,23.0,2.0,30.0,14.0,26.0,1.0,13.0,4.0,8.0,31.0,6.0,11.0,16.0,25.0
2014,27,3.0,23.0,16.0,28.0,14.0,21.0,29.0,1.0,8.0,26.0,20.0,9.0,6.0,12.0,17.0,10.0,24.0,22.0,18.0,30.0,19.0,7.0,27.0,11.0,25.0,13.0,31.0,2.0,15.0,5.0,4.0
2014,28,3.0,1.0,18.0,28.0,26.0,22.0,29.0,24.0,10.0,11.0,4.0,20.0,21.0,16.0,14.0,17.0,2.0,13.0,6.0,30.0,5.0,23.0,15.0,25.0,9.0,27.0,31.0,8.0,12.0,7.0,19.0
2014,29,2.0,7.0,16.0,28.0,21.0,23.0,29.0,1.0,9.0,12.0,26.0,24.0,27.0,20.0,22.0,17.0,5.0,4.0,3.0,30.0,11.0,25.0,10.0,8.0,18.0,13.0,31.0,6.0,14.0,15.0,19.0
2014,30,21.0,6.0,11.0,28.0,23.0,1.0,29.0,13.0,20.0,22.0,17.0,15.0,26.0,7.0,2.0,5.0,19.0,18.0,14.0,30.0,16.0,27.0,10.0,9.0,25.0,12.0,31.0,4.0,3.0,8.0,24.0
2014,31,22.0,21.0,23.0,28.0,12.0,19.0,29.0,25.0,14.0,1.0,3.0,8.0,20.0,5.0,13.0,4.0,18.0,7.0,24.0,30.0,17.0,26.0,15.0,9.0,10.0,2.0,31.0,16.0,6.0,11.0,27.0
2014,32,16.0,20.0,15.0,28.0,19.0,5.0,29.0,18.0,9.0,7.0,24.0,2.0,10.0,1.0,6.0,3.0,17.0,25.0,13.0,30.0,21.0,8.0,11.0,12.0,27.0,4.0,31.0,26.0,23.0,14.0,22.0
2014,33,18.0,13.0,23.0,28.0,25.0,14.0,29.0,19.0,8.0,6.0,4.0,22.0,1.0,24.0,9.0,26.0,12.0,17.0,21.0,30.0,7.0,15.0,11.0,16.0,20.0,27.0,31.0,3.0,2.0,10.0,5.0
2014,34,6.0,13.0,7.0,28.0,15.0,19.0,29.0,18.0,25.0,20.0,17.0,2.0,27.0,3.0,8.0,4.0,24.0,16.0,11.0,30.0,12.0,23.0,26.0,10.0,14.0,5.0,31.0,1.0,22.0,9.0,21.0
2014,35,4.0,11.0,26.0,28.0,6.0,16.0,29.0,22.0,9.0,15.0,19.0,3.0,25.0,8.0,23.0,13.0,17.0,12.0,5.0,30.0,7.0,2.0,24.0,10.0,27.0,1.0,31.0,18.0,21.0,14.0,20.0
2014,36,23.0,8.0,17.0,28.0,24.0,10.0,29.0,2.0,19.0,14.0,5.0,6.0,1.0,25.0,9.0,16.0,7.0,21.0,26.0,30.0,13.0,18.0,20.0,22.0,27.0,12.0,31.0,11.0,4.0,3.0,15.0
2014,37,2.0,27.0,15.0,28.0,5.0,17.0,29.0,21.0,25.0,19.0,12.0,8.0,23.0,11.0,7.0,22.0,24.0,14.0,20.0,30.0,9.0,1.0,10.0,4.0,6.0,26.0,31.0,18.0,13.0,3.0,16.0
2014,38,12.0,21.0,24.0,28.0,4.0,11.0,29.0,3.0,23.0,20.0,6.0,15.0,25.0,17.0,10.0,9.0,7.0,13.0,16.0,30.0,14.0,18.0,27.0,5.0,22.0,8.0,31.0,1.0,2.0,19.0,26.0
2014,39,20.0,14.0,3.0,28.0,25.0,9.0,29.0,22.0,2.0,17.0,10.0,5.0,1.0,21.0,4.0,8.0,16.0,11.0,18.0,30.0,19.0,12.0,13.0,15.0,7.0,27.0,31.0,26.0,6.0,23.0,24.0
2014,40,15.0,7.0,2.0,28.0,23.0,16.0,29.0,25.0,20.0,1.0,21.0,12.0,9.0,10.0,11.0,8.0,5.0,14.0,24.0,30.0,3.0,22.0,4.0,18.0,6.0,26.0,31.0,27.0,13.0,17.0,19.0
2014,41,18.0,1.0,17.0,28.0,21.0,8.0,29.0,20.0,9.0,6.0,13.0,10.0,24.0,23.0,11.0,16.0,2.0,12.0,15.0,30.0,3.0,26.0,7.0,19.0,4.0,27.0,31.0,25.0,14.0,22.0,5.0
2014,42,19.0,12.0,2.0,28.0,4.0,9.0,29.0,18.0,7.0,10.0,17.0,25.0,5.0,24.0,16.0,23.0,22.0,15.0,20.0,30.0,13.0,3.0,1.0,14.0,27.0,26.0,31.0,11.0,6.0,21.0,8.0
2014,43,4.0,23.0,9.0,28.0,25.0,6.0,29.0,3.0,16.0,21.0,12.0,20.0,22.0,15.0,2.0,11.0,14.0,8.0,13.0,30.0,18.0,27.0,26.0,17.0,1.0,19.0,31.0,24.0,5.0,10.0,7.0
2014,44,13.0,20.0,15.0,28.0,5.0,7.0,29.0,11.0,10.0,6.0,21.0,18.0,1.0,17.0,12.0,25.0,16.0,2.0,24.0,30.0,9.0,3.0,4.0,8.0,19.0,27.0,31.0,23.0,14.0,22.0,26.0
2014,45,23.0,13.0,17.0,28.0,4.0,14.0,29.0,21.0,16.0,15.0,12.0,25.0,2.0,7.0,9.0,5.0,24.0,19.0,11.0,30.0,10.0,26.0,1.0,22.0,20.0,27.0,31.0,18.0,8.0,6.0,3.0
2014,46,14.0,15.0,12.0,28.0,26.0,17.0,29.0,19.0,9.0,25.0,4.0,3.0,20.0,6.0,7.0,2.0,18.0,11.0,22.0,30.0,23.0,1.0,27.0,5.0,10.0,24.0,31.0,21.0,8.0,16.0,13.0
2014,47,8.0,10.0,17.0,28.0,13.0,25.0,29.0,18.0,9.0,19.0,15.0,22.0,26.0,24.0,11.0,5.0,1.0,7.0,3.0,30.0,4.0,16.0,6.0,23.0,21.0,2.0,31.0,14.0,20.0,12.0,27.0
2014,48,17.0,13.0,18.0,28.0,26.0,19.0,29.0,23.0,16.0,11.0,3.0,1.0,21.0,6.0,10.0,8.0,12.0,9.0,24.0,30.0,15.0,7.0,20.0,2.0,4.0,27.0,31.0,25.0,5.0,14.0,22.0
2014,49,24.0,16.0,22.0,28.0,26.0,8.0,29.0,12.0,14.0,23.0,18.0,19.0,2.0,5.0,17.0,25.0,10.0,11.0,13.0,30.0,4.0,15.0,1.0,3.0,6.0,27.0,31.0,20.0,7.0,9.0,21.0
2014,50,24.0,2.0,9.0,28.0,21.0,13.0,29.0,18.0,19.0,15.0,14.0,7.0,22.0,10.0,5.0,3.0,4.0,12.0,26.0,30.0,6.0,20.0,1.0,16.0,8.0,25.0,31.0,27.0,17.0,23.0,11.0
2014,51,17.0,22.0,5.0,28.0,3.0,14.0,29.0,16.0,24.0,12.0,8.0,27.0,9.0,15.0,21.0,23.0,18.0,10.0,4.0,30.0,13.0,19.0,26.0,6.0,20.0,1.0,31.0,11.0,25.0,2.0,7.0
2014,52,6.0,14.0,21.0,28.0,27.0,2.0,29.0,19.0,3.0,7.0,20.0,11.0,8.0,18.0,17.0,13.0,15.0,25.0,26.0,30.0,9.0,16.0,1.0,24.0,12.0,23.0,31.0,10.0,5.0,22.0,4.0
2015,1,4.0,3.0,15.0,28.0,1.0,24.0,29.0,19.0,23.0,9.0,10.0,16.0,27.0,11.0,22.0,14.0,6.0,12.0,13.0,30.0,7.0,2.0,26.0,20.0,8.0,18.0,31.0,5.0,17.0,21.0,25.0
2015,2,18.0,5.0,6.0,28.0,25.0,21.0,29.0,27.0,2.0,19.0,4.0,11.0,14.0,10.0,1.0,9.0,3.0,13.0,23.0,30.0,8.0,17.0,16.0,20.0,12.0,24.0,31.0,22.0,7.0,15.0,26.0
2015,3,8.0,6.0,10.0,28.0,21.0,4.0,29.0,26.0,1.0,2.0,14.0,25.0,20.0,17.0,7.0,18.0,5.0,12.0,24.0,30.0,3.0,27.0,16.0,15.0,11.0,9.0,31.0,19.0,13.0,23.0,22.0
2015,4,9.0,13.0,7.0,28.0,26.0,15.0,29.0,23.0,27.0,11.0,22.0,8.0,3.0,2.0,19.0,1.0,20.0,17.0,25.0,30.0,14.0,5.0,18.0,6.0,16.0,21.0,31.0,10.0,4.0,12.0,24.0
2015,5,27.0,9.0,18.0,28.0,14.0,3.0,29.0,5.0,25.0,23.0,11.0,7.0,26.0,15.0,22.0,17.0,19.0,4.0,24.0,30.0,12.0,1.0,13.0,20.0,8.0,2.0,31.0,6.0,10.0,21.0,16.0
2015,6,8.0,17.0,26.0,28.0,2.0,21.0,29.0,4.0,20.0,18.0,9.0,22.0,3.0,16.0,14.0,23.0,15.0,11.0,27.0,30.0,25.0,12.0,19.0,7.0,10.0,1.0,31.0,5.0,24.0,13.0,6.0
2015,7,1.0,23.0,4.0,28.0,16.0,20.0,29.0,3.0,24.0,26.0,6.0,13.0,21.0,22.0,8.0,18.0,25.0,15.0,7.0,30.0,27.0,5.0,17.0,12.0,11.0,19.0,31.0,9.0,10.0,14.0,2.0
2015,8,5.0,25.0,22.0,28.0,14.0,20.0,29.0,15.0,8.0,12.0,26.0,4.0,2.0,18.0,16.0,21.0,24.0,11.0,6.0,30.0,7.0,19.0,10.0,17.0,3.0,27.0,31.0,1.0,9.0,13.0,23.0
2015,9,5.0,25.0,21.0,28.0,23.0,22.0,29.0,24.0,16.0,4.0,17.0,10.0,2.0,9.0,11.0,12.0,14.0,13.0,15.0,30.0,26.0,19.0,6.0,3.0,27.0,7.0,31.0,8.0,20.0,18.0,1.0
2015,10,13.0,19.0,7.0,28.0,25.0,20.0,29.0,18.0,9.0,24.0,4.0,1.0,26.0,16.0,10.0,14.0,2.0,12.0,22.0,30.0,21.0,3.0,17.0,8.0,5.0,27.0,31.0,23.0,6.0,11.0,15.0
2015,11,20.0,9.0,12.0,28.0,25.0,15.0,29.0,13.0,17.0,4.0,24.0,7.0,10.0,19.0,11.0,18.0,1.0,5.0,27.0,30.0,21.0,16.0,3.0,14.0,6.0,23.0,31.0,2.0,8.0,22.0,26.0
2015,12,2.0,4.0,14.0,28.0,18.0,9.0,29.0,25.0,12.0,16.0,5.0,19.0,24.0,7.0,20.0,10.0,27.0,26.0,21.0,30.0,8.0,17.0,1.0,15.0,23.0,3.0,31.0,13.0,6.0,22.0,11.0
2015,13,12.0,24.0,5.0,28.0,19.0,7.0,29.0,2.0,26.0,20.0,16.0,11.0,25.0,9.0,15.0,22.0,21.0,8.0,10.0,30.0,17.0,6.0,27.0,23.0,3.0,1.0,31.0,13.0,14.0,18.0,4.0
2015,14,12.0,8.0,23.0,28.0,2.0,19.0,29.0,5.0,21.0,18.0,10.0,15.0,3.0,24.0,14.0,1.0,27.0,20.0,6.0,30.0,17.0,25.0,11.0,16.0,22.0,4.0,31.0,13.0,26.0,9.0,7.0
2015,15,13.0,25.0,5.0,28.0,11.0,17.0,29.0,15.0,21.0,23.0,12.0,20.0,6.0,24.0,22.0,10.0,16.0,8.0,2.0,30.0,18.0,1.0,27.0,26.0,14.0,7.0,31.0,9.0,19.0,3.0,4.0
2015,16,8.0,16.0,18.0,28.0,1.0,4.0,29.0,21.0,25.0,14.0,11.0,24.0,19.0,13.0,22.0,23.0,5.0,12.0,6.0,30.0,17.0,26.0,27.0,10.0,15.0,2.0,31.0,7.0,20.0,9.0,3.0
2015,17,17.0,10.0,6.0,28.0,11.0,9.0,29.0,3.0,7.0,13.0,23.0,12.0,24.0,22.0,14.0,20.0,19.0,18.0,25.0,30.0,15.0,2.0,5.0,16.0,4.0,26.0,31.0,27.0,8.0,21.0,1.0
2015,18,6.0,24.0,20.0,28.0,1.0,15.0,29.0,10.0,22.0,21.0,9.0,14.0,27.0,16.0,3.0,19.0,13.0,18.0,7.0,30.0,23.0,5.0,25.0,17.0,26.0,4.0,31.0,8.0,2.0,12.0,11.0
2015,19,23.0,17.0,8.0,28.0,7.0,11.0,29.0,26.0,13.0,14.0,12.0,4.0,18.0,24.0,9.0,10.0,15.0,22.0,27.0,30.0,21.0,25.0,16.0,6.0,19.0,2.0,31.0,1.0,5.0,3.0,20.0
2015,20,19.0,16.0,22.0,28.0,26.0,14.0,29.0,4.0,23.0,10.0,17.0,11.0,1.0,21.0,7.0,9.0,5.0,15.0,24.0,30.0,13.0,6.0,27.0,20.0,2.0,25.0,31.0,8.0,12.0,3.0,18.0
2015,21,2.0,21.0,13.0,28.0,27.0,14.0,29.0,22.0,19.0,15.0,1.0,4.0,18.0,25.0,16.0,5.0,24.0,9.0,23.0,30.0,7.0,8.0,17.0,12.0,20.0,26.0,31.0,6.0,3.0,10.0,11.0
2015,22,19.0,13.0,17.0,28.0,21.0,3.0,29.0,23.0,4.0,15.0,22.0,14.0,2.0,6.0,7.0,20.0,16.0,11.0,25.0,30.0,9.0,1.0,5.0,18.0,10.0,24.0,31.0,27.0,12.0,8.0,26.0
2015,23,8.0,16.0,17.0,28.0,25.0,7.0,29.0,6.0,21.0,10.0,23.0,14.0,19.0,11.0,5.0,2.0,20.0,18.0,13.0,30.0,26.0,12.0,9.0,1.0,24.0,27.0,31.0,4.0,15.0,22.0,3.0
2015,24,23.0,14.0,6.0,28.0,26.0,12.0,29.0,8.0,25.0,18.0,17.0,10.0,22.0,16.0,4.0,11.0,15.0,7.0,19.0,30.0,20.0,13.0,5.0,1.0,3.0,27.0,31.0,24.0,9.0,2.0,21.0
2015,25,18.0,5.0,11.0,28.0,23.0,25.0,29.0,13.0,2.0,22.0,9.0,8.0,1.0,7.0,10.0,12.0,26.0,6.0,4.0,30.0,3.0,19.0,27.0,17.0,21.0,24.0,31.0,20.0,14.0,16.0,15.0
2015,26,22.0,24.0,17.0,29.0,19.0,13.0,28.0,4.0,25.0,10.0,20.0,3.0,11.0,16.0,9.0,18.0,14.0,6.0,15.0,30.0,23.0,7.0,1.0,8.0,26.0,2.0,31.0,27.0,5.0,21.0,12.0
2015,27,20.0,7.0,18.0,29.0,26.0,3.0,1.0,27.0,17.0,14.0,9.0,4.0,19.0,10.0,13.0,22.0,6.0,8.0,23.0,30.0,2.0,24.0,15.0,21.0,11.0,28.0,31.0,25.0,12.0,5.0,16.0
2015,28,17.0,13.0,4.0,29.0,27.0,12.0,28.0,11.0,19.0,6.0,15.0,3.0,25.0,20.0,7.0,18.0,10.0,8.0,23.0,30.0,2.0,26.0,5.0,22.0,1.0,21.0,31.0,16.0,9.0,24.0,14.0
2015,29,18.0,6.0,15.0,29.0,9.0,16.0,1.0,22.0,14.0,8.0,25.0,11.0,28.0,13.0,7.0,2.0,10.0,3.0,26.0,30.0,12.0,21.0,24.0,4.0,23.0,27.0,31.0,5.0,17.0,20.0,19.0
2015,30,20.0,5.0,24.0,29.0,21.0,26.0,27.0,12.0,22.0,17.0,9.0,4.0,25.0,16.0,11.0,15.0,7.0,2.0,10.0,30.0,6.0,3.0,18.0,14.0,8.0,23.0,31.0,1.0,19.0,13.0,28.0
2015,31,8.0,25.0,17.0,29.0,24.0,5.0,15.0,16.0,20.0,28.0,13.0,12.0,2.0,14.0,26.0,22.0,10.0,4.0,19.0,30.0,7.0,18.0,6.0,23.0,11.0,1.0,31.0,3.0,21.0,9.0,27.0
2015,32,1.0,10.0,16.0,29.0,25.0,15.0,7.0,3.0,14.0,13.0,19.0,8.0,22.0,23.0,11.0,18.0,5.0,9.0,27.0,30.0,6.0,2.0,24.0,12.0,17.0,26.0,31.0,28.0,20.0,4.0,21.0
2015,33,11.0,12.0,17.0,29.0,5.0,3.0,26.0,15.0,6.0,2.0,13.0,7.0,27.0,24.0,10.0,28.0,18.0,20.0,22.0,30.0,9.0,19.0,8.0,25.0,21.0,1.0,31.0,4.0,23.0,16.0,14.0
2015,34,21.0,1.0,13.0,29.0,25.0,11.0,28.0,20.0,7.0,3.0,17.0,14.0,24.0,16.0,8.0,19.0,2.0,5.0,15.0,30.0,4.0,12.0,18.0,22.0,9.0,27.0,31.0,26.0,23.0,10.0,6.0
2015,35,7.0,26.0,16.0,29.0,9.0,22.0,5.0,8.0,19.0,28.0,17.0,10.0,2.0,12.0,27.0,18.0,21.0,20.0,1.0,30.0,25.0,6.0,13.0,23.0,11.0,4.0,31.0,3.0,14.0,15.0,24.0
2015,36,27.0,25.0,20.0,29.0,6.0,13.0,28.0,19.0,26.0,24.0,21.0,9.0,3.0,10.0,12.0,8.0,23.0,14.0,15.0,30.0,22.0,4.0,16.0,17.0,7.0,1.0,31.0,11.0,18.0,5.0,2.0
2015,37,2.0,13.0,14.0,29.0,26.0,6.0,15.0,18.0,19.0,5.0,21.0,9.0,22.0,23.0,4.0,20.0,17.0,7.0,28.0,30.0,3.0,16.0,1.0,24.0,12.0,27.0,31.0,25.0,8.0,10.0,11.0
2015,38,11.0,1.0,15.0,29.0,26.0,8.0,25.0,22.0,7.0,2.0,17.0,9.0,6.0,24.0,18.0,27.0,3.0,4.0,20.0,30.0,5.0,28.0,16.0,21.0,12.0,13.0,31.0,10.0,23.0,14.0,19.0
2015,39,10.0,1.0,4.0,29.0,24.0,7.0,28.0,23.0,15.0,2.0,17.0,3.0,21.0,11.0,22.0,18.0,8.0,20.0,13.0,30.0,5.0,19.0,25.0,9.0,6.0,27.0,31.0,26.0,16.0,14.0,12.0
2015,40,21.0,16.0,6.0,29.0,7.0,22.0,15.0,5.0,27.0,10.0,18.0,26.0,3.0,28.0,12.0,20.0,17.0,24.0,9.0,30.0,14.0,4.0,19.0,25.0,11.0,1.0,31.0,23.0,13.0,8.0,2.0
2015,41,20.0,19.0,15.0,29.0,5.0,13.0,4.0,3.0,12.0,24.0,14.0,25.0,7.0,27.0,16.0,28.0,17.0,23.0,8.0,30.0,26.0,11.0,10.0,21.0,22.0,2.0,31.0,1.0,9.0,18.0,6.0
2015,42,10.0,9.0,13.0,29.0,23.0,19.0,28.0,5.0,2.0,4.0,20.0,15.0,17.0,22.0,12.0,16.0,3.0,8.0,25.0,30.0,6.0,1.0,14.0,24.0,7.0,26.0,31.0,21.0,27.0,11.0,18.0
2015,43,15.0,8.0,3.0,29.0,25.0,21.0,9.0,10.0,7.0,12.0,17.0,26.0,11.0,14.0,19.0,24.0,16.0,23.0,22.0,30.0,20.0,28.0,6.0,4.0,2.0,27.0,31.0,5.0,13.0,18.0,1.0
2015,44,24.0,8.0,15.0,29.0,2.0,9.0,5.0,28.0,17.0,26.0,16.0,3.0,1.0,12.0,11.0,4.0,13.0,27.0,22.0,30.0,21.0,23.0,6.0,10.0,19.0,25.0,31.0,20.0,7.0,14.0,18.0
2015,45,20.0,23.0,15.0,29.0,10.0,22.0,26.0,8.0,12.0,21.0,25.0,19.0,3.0,6.0,11.0,28.0,18.0,7.0,5.0,30.0,27.0,2.0,17.0,14.0,16.0,1.0,31.0,13.0,24.0,4.0,9.0
2015,46,11.0,4.0,13.0,29.0,15.0,7.0,27.0,9.0,18.0,8.0,24.0,26.0,17.0,25.0,14.0,28.0,16.0,12.0,19.0,30.0,1.0,10.0,22.0,6.0,3.0,23.0,31.0,20.0,21.0,2.0,5.0
2015,47,6.0,7.0,23.0,29.0,27.0,12.0,5.0,21.0,8.0,18.0,2.0,1.0,10.0,3.0,11.0,26.0,4.0,15.0,24.0,30.0,17.0,9.0,22.0,19.0,20.0,28.0,31.0,16.0,14.0,13.0,25.0
2015,48,27.0,23.0,24.0,29.0,28.0,11.0,2.0,9.0,4.0,7.0,15.0,12.0,18.0,16.0,6.0,5.0,26.0,20.0,22.0,30.0,25.0,3.0,1.0,17.0,14.0,10.0,31.0,8.0,13.0,21.0,19.0
2015,49,23.0,22.0,7.0,29.0,21.0,14.0,16.0,10.0,6.0,3.0,24.0,9.0,1.0,25.0,17.0,15.0,8.0,20.0,11.0,30.0,12.0,2.0,27.0,13.0,4.0,28.0,31.0,26.0,19.0,5.0,18.0
2015,50,19.0,7.0,21.0,29.0,8.0,13.0,25.0,14.0,22.0,9.0,11.0,2.0,18.0,5.0,17.0,20.0,12.0,4.0,26.0,30.0,6.0,16.0,3.0,23.0,10.0,28.0,31.0,24.0,1.0,15.0,27.0
2015,51,9.0,2.0,15.0,29.0,1.0,11.0,3.0,25.0,6.0,4.0,20.0,22.0,7.0,24.0,21.0,26.0,12.0,13.0,14.0,30.0,5.0,8.0,23.0,19.0,10.0,28.0,31.0,16.0,27.0,17.0,18.0
2015,52,4.0,27.0,9.0,29.0,1.0,19.0,28.0,3.0,14.0,16.0,12.0,25.0,5.0,21.0,22.0,20.0,13.0,17.0,8.0,30.0,15.0,18.0,24.0,6.0,11.0,7.0,31.0,2.0,23.0,26.0,10.0
2015,53,22.0,1.0,9.0,29.0,23.0,17.0,27.0,26.0,14.0,16.0,6.0,5.0,10.0,19.0,13.0,11.0,2.0,12.0,21.0,30.0,4.0,15.0,20.0,18.0,3.0,24.0,31.0,25.0,7.0,8.0,28.0
2016,1,20.0,6.0,17.0,29.0,2.0,14.0,22.0,5.0,18.0,3.0,12.0,9.0,26.0,16.0,10.0,1.0,7.0,11.0,23.0,30.0,4.0,13.0,25.0,27.0,8.0,28.0,31.0,24.0,19.0,21.0,15.0
2016,2,26.0,18.0,12.0,29.0,13.0,8.0,27.0,17.0,2.0,11.0,14.0,16.0,10.0,3.0,22.0,1.0,19.0,15.0,5.0,30.0,7.0,4.0,9.0,21.0,25.0,28.0,31.0,23.0,24.0,20.0,6.0
2016,3,20.0,12.0,25.0,29.0,3.0,24.0,28.0,19.0,23.0,8.0,26.0,5.0,1.0,17.0,16.0,4.0,11.0,10.0,7.0,30.0,22.0,9.0,2.0,27.0,13.0,6.0,31.0,21.0,14.0,15.0,18.0
2016,4,27.0,12.0,28.0,29.0,1.0,19.0,16.0,6.0,15.0,9.0,18.0,17.0,26.0,10.0,7.0,25.0,22.0,21.0,14.0,30.0,11.0,4.0,13.0,24.0,20.0,2.0,31.0,5.0,23.0,3.0,8.0
2016,5,14.0,5.0,22.0,29.0,8.0,1.0,2.0,10.0,12.0,19.0,7.0,16.0,28.0,17.0,11.0,9.0,15.0,23.0,27.0,30.0,4.0,13.0,26.0,24.0,18.0,6.0,31.0,3.0,20.0,25.0,21.0
2016,6,23.0,13.0,18.0,29.0,24.0,3.0,26.0,6.0,22.0,2.0,9.0,10.0,27.0,11.0,4.0,19.0,15.0,17.0,21.0,30.0,16.0,12.0,5.0,25.0,8.0,28.0,31.0,20.0,1.0,7.0,14.0
2016,7,2.0,20.0,1.0,29.0,26.0,13.0,7.0,25.0,12.0,23.0,24.0,19.0,5.0,3.0,16.0,18.0,17.0,14.0,8.0,30.0,22.0,15.0,9.0,11.0,6.0,27.0,31.0,28.0,4.0,10.0,21.0
2016,8,9.0,19.0,10.0,29.0,20.0,17.0,1.0,11.0,7.0,28.0,16.0,26.0,5.0,12.0,13.0,4.0,14.0,15.0,24.0,30.0,22.0,8.0,23.0,27.0,21.0,6.0,31.0,25.0,2.0,3.0,18.0
2016,9,5.0,26.0,22.0,29.0,28.0,17.0,2.0,6.0,8.0,4.0,14.0,27.0,15.0,9.0,16.0,18.0,25.0,24.0,3.0,30.0,23.0,19.0,12.0,7.0,20.0,1.0,31.0,10.0,13.0,21.0,11.0
2016,10,9.0,10.0,27.0,29.0,8.0,23.0,1.0,6.0,26.0,24.0,21.0,13.0,25.0,12.0,22.0,17.0,15.0,28.0,7.0,30.0,11.0,19.0,20.0,18.0,14.0,3.0,31.0,2.0,4.0,5.0,16.0
2016,11,4.0,8.0,23.0,29.0,5.0,24.0,1.0,6.0,2.0,22.0,12.0,14.0,18.0,19.0,7.0,16.0,21.0,27.0,25.0,30.0,13.0,15.0,28.0,26.0,10.0,3.0,31.0,17.0,9.0,11.0,20.0
2016,12,25.0,19.0,3.0,29.0,10.0,11.0,23.0,16.0,8.0,2.0,18.0,17.0,15.0,26.0,14.0,20.0,13.0,4.0,24.0,30.0,6.0,7.0,22.0,28.0,12.0,5.0,31.0,21.0,27.0,1.0,9.0
2016,13,2.0,7.0,5.0,29.0,21.0,14.0,6.0,15.0,4.0,13.0,11.0,19.0,27.0,12.0,8.0,23.0,18.0,20.0,28.0,30.0,9.0,10.0,1.0,17.0,3.0,24.0,31.0,25.0,22.0,26.0,16.0
2016,14,24.0,7.0,21.0,29.0,2.0,19.0,23.0,10.0,25.0,4.0,8.0,22.0,12.0,28.0,6.0,27.0,9.0,11.0,14.0,30.0,15.0,20.0,17.0,26.0,3.0,1.0,31.0,5.0,16.0,13.0,18.0
2016,15,19.0,27.0,22.0,29.0,8.0,17.0,2.0,7.0,5.0,12.0,15.0,23.0,10.0,20.0,25.0,14.0,24.0,4.0,28.0,30.0,21.0,16.0,18.0,3.0,26.0,1.0,31.0,6.0,11.0,13.0,9.0
2016,16,8.0,23.0,27.0,29.0,5.0,4.0,1.0,21.0,15.0,20.0,22.0,19.0,17.0,14.0,18.0,13.0,24.0,7.0,6.0,30.0,26.0,28.0,25.0,2.0,16.0,3.0,31.0,10.0,12.0,11.0,9.0
2016,17,24.0,11.0,18.0,29.0,19.0,12.0,14.0,10.0,26.0,8.0,13.0,9.0,3.0,22.0,5.0,23.0,16.0,17.0,1.0,30.0,6.0,21.0,7.0,25.0,4.0,2.0,31.0,20.0,27.0,15.0,28.0
2016,18,11.0,3.0,8.0,29.0,26.0,4.0,1.0,15.0,13.0,5.0,21.0,12.0,28.0,23.0,9.0,19.0,2.0,17.0,25.0,30.0,7.0,14.0,10.0,20.0,16.0,24.0,31.0,27.0,18.0,22.0,6.0
2016,19,17.0,4.0,13.0,29.0,8.0,15.0,22.0,20.0,12.0,5.0,10.0,24.0,2.0,28.0,6.0,27.0,25.0,11.0,26.0,30.0,3.0,7.0,14.0,1.0,9.0,23.0,31.0,18.0,21.0,16.0,19.0
2016,20,4.0,19.0,6.0,29.0,3.0,22.0,9.0,21.0,24.0,20.0,10.0,28.0,17.0,7.0,15.0,13.0,16.0,25.0,8.0,30.0,27.0,5.0,23.0,1.0,12.0,2.0,31.0,11.0,18.0,26.0,14.0
2016,21,23.0,24.0,10.0,29.0,3.0,14.0,28.0,9.0,12.0,15.0,17.0,26.0,2.0,25.0,20.0,7.0,21.0,22.0,18.0,30.0,19.0,16.0,1.0,6.0,27.0,8.0,31.0,5.0,4.0,13.0,11.0
2016,22,19.0,14.0,3.0,29.0,6.0,18.0,28.0,16.0,13.0,5.0,8.0,20.0,21.0,1.0,15.0,2.0,12.0,22.0,25.0,30.0,4.0,7.0,27.0,26.0,17.0,9.0,31.0,24.0,10.0,23.0,11.0
2016,23,22.0,9.0,25.0,29.0,26.0,13.0,4.0,11.0,17.0,2.0,12.0,8.0,3.0,18.0,16.0,24.0,7.0,5.0,1.0,30.0,10.0,19.0,23.0,27.0,15.0,28.0,31.0,6.0,20.0,14.0,21.0
2016,24,15.0,5.0,27.0,29.0,11.0,28.0,8.0,23.0,4.0,17.0,21.0,26.0,2.0,1.0,12.0,9.0,6.0,16.0,13.0,30.0,7.0,22.0,14.0,24.0,25.0,20.0,31.0,3.0,10.0,18.0,19.0
2016,25,16.0,6.0,28.0,29.0,15.0,19.0,4.0,26.0,11.0,3.0,14.0,12.0,1.0,8.0,20.0,22.0,9.0,7.0,21.0,30.0,10.0,13.0,18.0,24.0,5.0,25.0,31.0,17.0,2.0,27.0,23.0
2016,26,17.0,8.0,20.0,29.0,26.0,11.0,28.0,3.0,22.0,15.0,2.0,13.0,23.0,4.0,7.0,6.0,5.0,9.0,21.0,30.0,10.0,19.0,12.0,27.0,24.0,18.0,31.0,14.0,1.0,25.0,16.0
2016,27,20.0,13.0,7.0,29.0,25.0,9.0,27.0,12.0,15.0,23.0,16.0,3.0,1.0,2.0,10.0,11.0,8.0,4.0,26.0,30.0,19.0,14.0,17.0,24.0,18.0,28.0,31.0,6.0,21.0,22.0,5.0
2016,28,15.0,24.0,4.0,29.0,12.0,20.0,1.0,10.0,3.0,28.0,26.0,22.0,9.0,13.0,18.0,21.0,19.0,25.0,11.0,30.0,27.0,7.0,17.0,2.0,16.0,5.0,31.0,6.0,23.0,14.0,8.0
2016,29,6.0,11.0,2.0,29.0,22.0,26.0,23.0,28.0,19.0,12.0,24.0,9.0,25.0,5.0,15.0,10.0,18.0,14.0,27.0,30.0,13.0,3.0,20.0,8.0,17.0,21.0,31.0,4.0,1.0,16.0,7.0
2016,30,23.0,7.0,15.0,29.0,16.0,24.0,3.0,12.0,20.0,10.0,8.0,11.0,25.0,1.0,22.0,9.0,13.0,27.0,14.0,30.0,21.0,18.0,19.0,4.0,26.0,6.0,31.0,2.0,17.0,5.0,28.0
2016,31,28.0,17.0,24.0,29.0,4.0,13.0,18.0,10.0,11.0,25.0,21.0,16.0,1.0,14.0,15.0,27.0,22.0,23.0,5.0,30.0,19.0,8.0,6.0,3.0,26.0,2.0,31.0,9.0,20.0,7.0,12.0
2016,32,6.0,21.0,18.0,29.0,12.0,7.0,1.0,28.0,20.0,19.0,24.0,5.0,27.0,26.0,8.0,2.0,23.0,17.0,9.0,30.0,11.0,14.0,4.0,25.0,22.0,3.0,31.0,16.0,13.0,15.0,10.0
2016,33,14.0,25.0,28.0,29.0,19.0,26.0,3.0,15.0,13.0,17.0,23.0,2.0,8.0,4.0,18.0,12.0,24.0,21.0,6.0,30.0,20.0,10.0,22.0,9.0,27.0,1.0,31.0,5.0,7.0,16.0,11.0
2016,34,13.0,17.0,15.0,29.0,18.0,27.0,5.0,10.0,9.0,21.0,14.0,23.0,26.0,20.0,19.0,28.0,8.0,24.0,25.0,30.0,22.0,7.0,1.0,4.0,12.0,3.0,31.0,16.0,11.0,6.0,2.0
2016,35,13.0,8.0,3.0,29.0,25.0,12.0,1.0,24.0,18.0,16.0,7.0,20.0,4.0,28.0,15.0,27.0,17.0,2.0,26.0,30.0,9.0,5.0,19.0,10.0,23.0,6.0,31.0,21.0,14.0,11.0,22.0
2016,36,2.0,22.0,4.0,29.0,1.0,17.0,24.0,14.0,20.0,7.0,19.0,11.0,28.0,15.0,21.0,18.0,13.0,6.0,5.0,30.0,16.0,27.0,8.0,10.0,3.0,26.0,31.0,9.0,25.0,12.0,23.0
2016,37,5.0,19.0,7.0,29.0,27.0,10.0,1.0,22.0,8.0,12.0,24.0,9.0,25.0,15.0,21.0,13.0,14.0,23.0,18.0,30.0,6.0,17.0,4.0,20.0,2.0,28.0,31.0,16.0,3.0,11.0,26.0
2016,38,15.0,4.0,18.0,29.0,19.0,13.0,6.0,2.0,9.0,3.0,14.0,16.0,1.0,27.0,23.0,12.0,10.0,24.0,11.0,30.0,5.0,28.0,25.0,8.0,7.0,20.0,31.0,21.0,26.0,22.0,17.0
2016,39,21.0,16.0,20.0,29.0,8.0,18.0,3.0,13.0,17.0,26.0,6.0,11.0,5.0,23.0,28.0,10.0,25.0,9.0,2.0,30.0,27.0,15.0,4.0,22.0,14.0,1.0,31.0,12.0,24.0,19.0,7.0
2016,40,17.0,27.0,23.0,29.0,3.0,15.0,18.0,22.0,24.0,26.0,8.0,5.0,13.0,1.0,10.0,4.0,28.0,12.0,11.0,30.0,25.0,14.0,7.0,2.0,21.0,6.0,31.0,9.0,20.0,19.0,16.0
2016,41,16.0,2.0,7.0,29.0,11.0,10.0,24.0,18.0,26.0,1.0,21.0,9.0,20.0,5.0,8.0,27.0,6.0,12.0,14.0,30.0,3.0,25.0,4.0,17.0,19.0,13.0,31.0,23.0,28.0,15.0,22.0
2016,42,16.0,3.0,28.0,29.0,26.0,27.0,1.0,2.0,24.0,15.0,21.0,20.0,25.0,17.0,22.0,4.0,14.0,9.0,5.0,30.0,11.0,19.0,13.0,18.0,7.0,10.0,31.0,8.0,6.0,23.0,12.0
2016,43,14.0,13.0,7.0,29.0,10.0,11.0,2.0,21.0,18.0,22.0,12.0,15.0,25.0,5.0,8.0,16.0,23.0,24.0,27.0,30.0,9.0,3.0,20.0,6.0,1.0,28.0,31.0,26.0,19.0,4.0,17.0
2016,44,12.0,22.0,16.0,29.0,27.0,6.0,18.0,1.0,17.0,8.0,19.0,14.0,21.0,25.0,13.0,2.0,23.0,11.0,20.0,30.0,9.0,10.0,24.0,26.0,4.0,28.0,31.0,3.0,7.0,15.0,5.0
2016,45,13.0,28.0,18.0,29.0,25.0,11.0,5.0,1.0,27.0,16.0,12.0,15.0,8.0,9.0,17.0,10.0,20.0,22.0,19.0,30.0,26.0,14.0,7.0,3.0,23.0,21.0,31.0,2.0,6.0,24.0,4.0
2016,46,17.0,27.0,13.0,29.0,15.0,24.0,5.0,16.0,19.0,6.0,22.0,18.0,3.0,28.0,14.0,11.0,23.0,12.0,7.0,30.0,21.0,9.0,10.0,2.0,20.0,4.0,31.0,26.0,8.0,1.0,25.0
2016,47,13.0,10.0,1.0,29.0,28.0,7.0,6.0,3.0,17.0,15.0,22.0,9.0,27.0,24.0,21.0,14.0,23.0,8.0,18.0,30.0,12.0,20.0,16.0,25.0,11.0,19.0,31.0,5.0,2.0,26.0,4.0
2016,48,24.0,12.0,26.0,29.0,4.0,15.0,2.0,7.0,14.0,19.0,23.0,10.0,28.0,25.0,20.0,22.0,16.0,13.0,3.0,30.0,18.0,27.0,6.0,17.0,9.0,1.0,31.0,5.0,11.0,8.0,21.0
2016,49,23.0,21.0,7.0,29.0,10.0,5.0,16.0,9.0,11.0,24.0,27.0,12.0,2.0,6.0,18.0,26.0,17.0,19.0,15.0,30.0,20.0,1.0,8.0,14.0,22.0,28.0,31.0,25.0,3.0,13.0,4.0
2016,50,21.0,1.0,10.0,29.0,27.0,14.0,26.0,23.0,24.0,15.0,11.0,19.0,2.0,25.0,4.0,28.0,12.0,22.0,17.0,30.0,3.0,16.0,9.0,20.0,7.0,18.0,31.0,8.0,6.0,13.0,5.0
2016,51,1.0,14.0,6.0,29.0,15.0,5.0,26.0,20.0,23.0,12.0,17.0,27.0,10.0,28.0,13.0,24.0,22.0,2.0,16.0,30.0,9.0,4.0,25.0,3.0,8.0,11.0,31.0,7.0,21.0,18.0,19.0
2016,52,10.0,2.0,18.0,29.0,21.0,27.0,28.0,16.0,8.0,7.0,12.0,11.0,26.0,4.0,13.0,15.0,1.0,14.0,20.0,30.0,3.0,23.0,19.0,25.0,5.0,22.0,31.0,24.0,6.0,9.0,17.0
2017,1,5.0,13.0,9.0,29.0,3.0,20.0,26.0,7.0,17.0,24.0,1.0,22.0,25.0,2.0,23.0,28.0,11.0,12.0,4.0,30.0,19.0,21.0,15.0,14.0,16.0,8.0,31.0,10.0,27.0,6.0,18.0
2017,2,21.0,20.0,11.0,29.0,5.0,7.0,1.0,28.0,4.0,16.0,19.0,12.0,3.0,9.0,23.0,22.0,25.0,6.0,24.0,30.0,18.0,10.0,26.0,14.0,13.0,27.0,31.0,17.0,8.0,2.0,15.0
2017,3,23.0,9.0,25.0,29.0,13.0,20.0,12.0,18.0,3.0,8.0,5.0,22.0,10.0,4.0,6.0,16.0,11.0,19.0,2.0,30.0,15.0,26.0,21.0,27.0,14.0,24.0,31.0,7.0,17.0,1.0,28.0
2017,4,14.0,25.0,27.0,29.0,13.0,8.0,12.0,3.0,24.0,6.0,11.0,20.0,1.0,28.0,19.0,21.0,23.0,22.0,18.0,30.0,17.0,9.0,7.0,10.0,16.0,2.0,31.0,15.0,4.0,26.0,5.0
2017,5,6.0,15.0,5.0,29.0,12.0,19.0,2.0,20.0,21.0,25.0,26.0,8.0,14.0,11.0,4.0,1.0,10.0,18.0,22.0,30.0,7.0,27.0,9.0,3.0,17.0,28.0,31.0,23.0,16.0,13.0,24.0
2017,6,21.0,7.0,15.0,29.0,27.0,28.0,8.0,2.0,16.0,6.0,10.0,4.0,25.0,1.0,13.0,22.0,20.0,19.0,5.0,30.0,11.0,12.0,26.0,18.0,14.0,24.0,31.0,17.0,3.0,9.0,23.0
2017,7,5.0,15.0,3.0,29.0,14.0,26.0,1.0,10.0,6.0,16.0,8.0,21.0,27.0,17.0,23.0,13.0,24.0,7.0,20.0,30.0,19.0,25.0,12.0,4.0,11.0,28.0,31.0,9.0,22.0,18.0,2.0
2017,8,18.0,5.0,4.0,29.0,23.0,11.0,7.0,28.0,10.0,2.0,26.0,3.0,25.0,17.0,13.0,9.0,16.0,14.0,15.0,30.0,6.0,20.0,12.0,21.0,22.0,27.0,31.0,24.0,1.0,8.0,19.0
2017,9,25.0,26.0,15.0,29.0,8.0,17.0,16.0,21.0,1.0,20.0,5.0,2.0,18.0,14.0,13.0,27.0,19.0,7.0,6.0,30.0,3.0,4.0,22.0,11.0,9.0,24.0,31.0,23.0,28.0,10.0,12.0
2017,10,9.0,26.0,2.0,29.0,17.0,21.0,19.0,27.0,5.0,24.0,13.0,4.0,8.0,15.0,12.0,6.0,23.0,18.0,25.0,30.0,16.0,1.0,7.0,14.0,3.0,28.0,31.0,20.0,10.0,11.0,22.0
2017,11,26.0,9.0,23.0,29.0,24.0,7.0,4.0,11.0,19.0,15.0,18.0,25.0,13.0,21.0,5.0,27.0,14.0,16.0,6.0,30.0,12.0,17.0,1.0,22.0,20.0,28.0,31.0,3.0,10.0,2.0,8.0
2017,12,18.0,3.0,8.0,29.0,22.0,16.0,11.0,23.0,6.0,5.0,13.0,21.0,1.0,19.0,9.0,27.0,7.0,12.0,14.0,30.0,4.0,17.0,26.0,28.0,10.0,15.0,31.0,24.0,2.0,20.0,25.0
2017,13,6.0,28.0,19.0,29.0,22.0,14.0,2.0,5.0,4.0,18.0,26.0,11.0,16.0,8.0,24.0,7.0,23.0,25.0,9.0,30.0,27.0,20.0,3.0,10.0,21.0,1.0,31.0,15.0,13.0,17.0,12.0
2017,14,10.0,6.0,5.0,29.0,2.0,12.0,15.0,18.0,25.0,7.0,14.0,24.0,23.0,8.0,3.0,13.0,9.0,17.0,21.0,30.0,4.0,16.0,26.0,27.0,22.0,28.0,31.0,1.0,11.0,20.0,19.0
2017,15,3.0,8.0,26.0,29.0,22.0,18.0,28.0,23.0,1.0,4.0,16.0,10.0,27.0,15.0,12.0,9.0,2.0,11.0,19.0,30.0,5.0,20.0,17.0,25.0,6.0,14.0,31.0,24.0,7.0,13.0,21.0
2017,16,22.0,12.0,2.0,29.0,25.0,1.0,4.0,10.0,16.0,15.0,19.0,7.0,18.0,3.0,11.0,20.0,24.0,28.0,27.0,30.0,21.0,9.0,5.0,13.0,6.0,26.0,31.0,17.0,8.0,14.0,23.0
2017,17,18.0,28.0,25.0,29.0,22.0,16.0,1.0,13.0,23.0,27.0,15.0,9.0,11.0,8.0,17.0,21.0,26.0,20.0,14.0,30.0,19.0,24.0,12.0,5.0,10.0,4.0,31.0,7.0,3.0,2.0,6.0
2017,18,27.0,17.0,6.0,29.0,7.0,24.0,5.0,19.0,18.0,21.0,3.0,15.0,1.0,10.0,4.0,16.0,12.0,28.0,22.0,30.0,13.0,11.0,25.0,20.0,8.0,26.0,31.0,9.0,2.0,23.0,14.0
2017,19,3.0,12.0,23.0,29.0,7.0,10.0,1.0,21.0,14.0,13.0,18.0,16.0,24.0,25.0,19.0,28.0,27.0,5.0,9.0,30.0,6.0,11.0,26.0,17.0,15.0,4.0,31.0,8.0,20.0,2.0,22.0
2017,20,15.0,2.0,25.0,29.0,1.0,8.0,11.0,3.0,7.0,10.0,21.0,28.0,23.0,27.0,19.0,22.0,5.0,16.0,4.0,30.0,12.0,18.0,6.0,24.0,14.0,9.0,31.0,17.0,13.0,26.0,20.0
2017,21,4.0,15.0,5.0,29.0,26.0,9.0,24.0,20.0,18.0,12.0,6.0,10.0,1.0,13.0,8.0,11.0,21.0,16.0,27.0,30.0,7.0,22.0,3.0,25.0,19.0,28.0,31.0,23.0,2.0,17.0,14.0
2017,22,2.0,17.0,24.0,29.0,27.0,6.0,26.0,12.0,7.0,3.0,10.0,25.0,15.0,19.0,18.0,13.0,22.0,16.0,20.0,30.0,8.0,9.0,5.0,21.0,23.0,28.0,31.0,14.0,4.0,11.0,1.0
2017,23,9.0,22.0,10.0,29.0,1.0,8.0,26.0,4.0,6.0,3.0,17.0,28.0,18.0,11.0,21.0,27.0,14.0,15.0,5.0,30.0,25.0,19.0,23.0,2.0,13.0,7.0,31.0,12.0,20.0,24.0,16.0
2017,24,13.0,4.0,1.0,29.0,2.0,22.0,25.0,20.0,11.0,15.0,10.0,24.0,27.0,12.0,5.0,3.0,17.0,6.0,19.0,30.0,7.0,21.0,14.0,16.0,23.0,28.0,31.0,9.0,8.0,26.0,18.0
2017,25,7.0,10.0,4.0,29.0,28.0,8.0,18.0,5.0,17.0,20.0,6.0,27.0,19.0,22.0,12.0,21.0,13.0,1.0,25.0,30.0,16.0,9.0,26.0,24.0,3.0,23.0,31.0,11.0,14.0,2.0,15.0
2017,26,16.0,25.0,23.0,29.0,9.0,20.0,4.0,11.0,17.0,14.0,22.0,10.0,28.0,12.0,18.0,7.0,13.0,15.0,8.0,30.0,26.0,27.0,5.0,2.0,21.0,1.0,31.0,6.0,24.0,3.0,19.0
2017,27,5.0,24.0,13.0,29.0,27.0,8.0,2.0,14.0,4.0,12.0,20.0,6.0,17.0,3.0,11.0,22.0,18.0,25.0,23.0,30.0,16.0,1.0,21.0,7.0,26.0,28.0,31.0,15.0,19.0,9.0,10.0
2017,28,14.0,9.0,7.0,29.0,3.0,16.0,2.0,6.0,22.0,15.0,28.0,27.0,5.0,8.0,18.0,25.0,12.0,21.0,4.0,30.0,19.0,10.0,26.0,20.0,13.0,1.0,31.0,24.0,17.0,11.0,23.0
2017,29,16.0,5.0,28.0,29.0,26.0,1.0,18.0,15.0,19.0,3.0,14.0,25.0,6.0,9.0,23.0,4.0,17.0,20.0,22.0,30.0,7.0,24.0,2.0,11.0,27.0,13.0,31.0,12.0,21.0,8.0,10.0
2017,30,21.0,24.0,10.0,29.0,14.0,12.0,1.0,27.0,23.0,16.0,22.0,25.0,18.0,13.0,26.0,8.0,20.0,28.0,17.0,30.0,15.0,7.0,9.0,2.0,4.0,3.0,31.0,19.0,11.0,5.0,6.0
2017,31,8.0,21.0,17.0,29.0,26.0,15.0,6.0,9.0,10.0,14.0,18.0,1.0,2.0,11.0,22.0,23.0,4.0,25.0,12.0,30.0,7.0,20.0,5.0,16.0,24.0,28.0,31.0,3.0,19.0,13.0,27.0
2017,32,12.0,9.0,26.0,29.0,22.0,8.0,25.0,13.0,17.0,14.0,1.0,5.0,4.0,16.0,15.0,28.0,21.0,19.0,27.0,30.0,6.0,10.0,11.0,7.0,18.0,24.0,31.0,3.0,23.0,2.0,20.0
2017,33,21.0,2.0,13.0,29.0,3.0,9.0,12.0,27.0,15.0,23.0,5.0,28.0,1.0,20.0,17.0,26.0,25.0,16.0,8.0,30.0,6.0,10.0,7.0,22.0,14.0,24.0,31.0,18.0,4.0,11.0,19.0
2017,34,15.0,19.0,18.0,29.0,5.0,12.0,7.0,10.0,25.0,21.0,20.0,6.0,13.0,3.0,26.0,1.0,11.0,4.0,17.0,30.0,16.0,14.0,28.0,24.0,23.0,27.0,31.0,9.0,8.0,22.0,2.0
2017,35,22.0,21.0,18.0,29.0,23.0,15.0,4.0,1.0,27.0,16.0,13.0,20.0,2.0,12.0,9.0,19.0,28.0,26.0,24.0,30.0,25.0,8.0,5.0,11.0,10.0,17.0,31.0,14.0,6.0,7.0,3.0
2017,36,13.0,5.0,26.0,29.0,22.0,14.0,10.0,20.0,9.0,4.0,24.0,15.0,21.0,1.0,18.0,8.0,3.0,25.0,2.0,30.0,7.0,17.0,6.0,28.0,16.0,11.0,31.0,19.0,27.0,12.0,23.0
2017,37,12.0,25.0,23.0,29.0,8.0,18.0,20.0,28.0,24.0,26.0,22.0,13.0,7.0,3.0,17.0,5.0,15.0,16.0,4.0,30.0,27.0,11.0,19.0,9.0,2.0,1.0,31.0,14.0,21.0,10.0,6.0
2017,38,14.0,21.0,18.0,29.0,24.0,3.0,8.0,16.0,7.0,15.0,19.0,28.0,13.0,12.0,11.0,26.0,27.0,20.0,6.0,30.0,25.0,22.0,17.0,4.0,9.0,1.0,31.0,10.0,2.0,5.0,23.0
2017,39,23.0,28.0,14.0,29.0,21.0,18.0,27.0,6.0,16.0,20.0,24.0,5.0,3.0,8.0,15.0,17.0,7.0,13.0,19.0,30.0,26.0,12.0,22.0,4.0,11.0,1.0,31.0,2.0,9.0,25.0,10.0
2017,40,11.0,15.0,8.0,29.0,12.0,7.0,2.0,22.0,4.0,3.0,24.0,26.0,9.0,20.0,16.0,28.0,5.0,17.0,25.0,30.0,19.0,14.0,18.0,21.0,23.0,27.0,31.0,1.0,10.0,13.0,6.0
2017,41,12.0,14.0,9.0,29.0,18.0,6.0,5.0,2.0,7.0,10.0,16.0,27.0,17.0,28.0,22.0,25.0,3.0,26.0,19.0,30.0,8.0,13.0,11.0,20.0,4.0,1.0,31.0,23.0,24.0,21.0,15.0
2017,42,12.0,24.0,6.0,29.0,25.0,28.0,17.0,2.0,3.0,5.0,26.0,19.0,10.0,18.0,7.0,4.0,22.0,1.0,20.0,30.0,11.0,13.0,27.0,15.0,21.0,23.0,31.0,9.0,8.0,16.0,14.0
2017,43,2.0,24.0,23.0,29.0,25.0,11.0,6.0,28.0,16.0,14.0,20.0,10.0,8.0,17.0,9.0,26.0,13.0,15.0,21.0,30.0,12.0,5.0,18.0,19.0,3.0,1.0,31.0,27.0,4.0,7.0,22.0
2017,44,18.0,17.0,22.0,29.0,5.0,11.0,28.0,21.0,15.0,13.0,25.0,24.0,9.0,19.0,27.0,26.0,23.0,20.0,12.0,30.0,10.0,4.0,3.0,6.0,8.0,1.0,31.0,14.0,2.0,16.0,7.0
2017,45,22.0,10.0,14.0,29.0,3.0,15.0,25.0,24.0,12.0,17.0,27.0,6.0,23.0,4.0,16.0,2.0,1.0,5.0,11.0,30.0,19.0,18.0,26.0,20.0,8.0,13.0,31.0,7.0,28.0,9.0,21.0
2017,46,15.0,19.0,21.0,29.0,25.0,18.0,4.0,24.0,9.0,7.0,5.0,1.0,27.0,3.0,17.0,13.0,20.0,2.0,26.0,30.0,12.0,10.0,8.0,22.0,16.0,28.0,31.0,6.0,11.0,14.0,23.0
2017,47,19.0,8.0,24.0,29.0,28.0,5.0,9.0,3.0,14.0,18.0,27.0,26.0,7.0,13.0,16.0,1.0,17.0,25.0,20.0,30.0,21.0,4.0,15.0,11.0,22.0,2.0,31.0,10.0,23.0,12.0,6.0
2017,48,25.0,21.0,7.0,29.0,9.0,20.0,27.0,8.0,11.0,17.0,16.0,3.0,28.0,4.0,15.0,1.0,23.0,13.0,5.0,30.0,19.0,26.0,14.0,2.0,18.0,6.0,31.0,10.0,24.0,22.0,12.0
2017,49,4.0,13.0,16.0,29.0,27.0,17.0,28.0,2.0,14.0,23.0,7.0,5.0,21.0,3.0,24.0,1.0,8.0,9.0,25.0,30.0,15.0,19.0,26.0,6.0,18.0,22.0,31.0,12.0,11.0,20.0,10.0
2017,50,27.0,21.0,3.0,29.0,25.0,2.0,12.0,22.0,6.0,14.0,5.0,9.0,1.0,13.0,8.0,26.0,15.0,19.0,11.0,30.0,20.0,16.0,17.0,18.0,4.0,28.0,31.0,7.0,23.0,24.0,10.0
2017,51,13.0,28.0,4.0,29.0,3.0,23.0,11.0,9.0,16.0,21.0,22.0,7.0,25.0,10.0,18.0,6.0,24.0,5.0,2.0,30.0,27.0,26.0,19.0,12.0,17.0,1.0,31.0,14.0,8.0,20.0,15.0
2017,52,23.0,5.0,11.0,29.0,3.0,13.0,4.0,9.0,14.0,2.0,27.0,21.0,28.0,22.0,7.0,26.0,10.0,17.0,6.0,30.0,15.0,20.0,1.0,25.0,24.0,8.0,31.0,12.0,19.0,18.0,16.0
2018,1,5.0,23.0,8.0,29.0,9.0,16.0,10.0,1.0,22.0,24.0,14.0,12.0,7.0,25.0,18.0,28.0,20.0,11.0,6.0,30.0,26.0,13.0,27.0,3.0,19.0,2.0,31.0,21.0,17.0,4.0,15.0
2018,2,7.0,25.0,5.0,29.0,12.0,9.0,11.0,17.0,26.0,24.0,23.0,18.0,16.0,6.0,14.0,2.0,27.0,21.0,10.0,30.0,28.0,22.0,20.0,4.0,8.0,1.0,31.0,13.0,15.0,19.0,3.0
2018,3,10.0,14.0,25.0,29.0,27.0,5.0,2.0,19.0,21.0,6.0,22.0,1.0,28.0,3.0,15.0,11.0,9.0,17.0,23.0,30.0,13.0,16.0,7.0,20.0,12.0,26.0,31.0,18.0,8.0,24.0,4.0
2018,4,12.0,8.0,17.0,29.0,2.0,20.0,24.0,9.0,28.0,27.0,13.0,4.0,25.0,16.0,23.0,10.0,3.0,7.0,22.0,30.0,6.0,18.0,15.0,19.0,11.0,14.0,31.0,21.0,1.0,5.0,26.0
2018,5,10.0,9.0,11.0,29.0,17.0,5.0,21.0,18.0,12.0,1.0,26.0,16.0,24.0,22.0,14.0,25.0,19.0,15.0,13.0,30.0,6.0,28.0,4.0,3.0,7.0,27.0,31.0,20.0,8.0,23.0,2.0
2018,6,22.0,16.0,10.0,29.0,25.0,9.0,18.0,12.0,4.0,26.0,21.0,13.0,27.0,2.0,6.0,8.0,5.0,1.0,24.0,30.0,7.0,14.0,19.0,23.0,3.0,28.0,31.0,17.0,15.0,11.0,20.0
2018,7,3.0,18.0,25.0,29.0,2.0,11.0,12.0,1.0,14.0,15.0,8.0,9.0,19.0,22.0,26.0,5.0,28.0,13.0,6.0,30.0,20.0,27.0,23.0,16.0,10.0,7.0,31.0,4.0,24.0,17.0,21.0
2018,8,6.0,5.0,20.0,29.0,16.0,10.0,2.0,24.0,15.0,9.0,25.0,22.0,18.0,21.0,17.0,8.0,19.0,12.0,13.0,30.0,7.0,3.0,23.0,14.0,26.0,28.0,31.0,27.0,11.0,4.0,1.0
2018,9,17.0,16.0,20.0,29.0,2.0,19.0,18.0,5.0,14.0,27.0,7.0,28.0,3.0,4.0,26.0,1.0,10.0,24.0,8.0,30.0,22.0,9.0,12.0,11.0,23.0,25.0,31.0,13.0,6.0,21.0,15.0
2018,10,11.0,12.0,14.0,29.0,10.0,15.0,16.0,25.0,7.0,13.0,17.0,6.0,1.0,26.0,2.0,28.0,24.0,8.0,9.0,30.0,23.0,3.0,21.0,4.0,22.0,27.0,31.0,19.0,18.0,20.0,5.0
2018,11,19.0,11.0,26.0,29.0,17.0,12.0,10.0,21.0,16.0,14.0,28.0,1.0,23.0,25.0,8.0,6.0,4.0,9.0,18.0,30.0,3.0,7.0,5.0,24.0,22.0,15.0,31.0,20.0,27.0,13.0,2.0
2018,12,6.0,13.0,22.0,29.0,14.0,21.0,17.0,28.0,11.0,10.0,24.0,5.0,25.0,7.0,23.0,20.0,8.0,16.0,2.0,30.0,3.0,18.0,4.0,27.0,12.0,1.0,31.0,9.0,19.0,26.0,15.0
2018,13,11.0,2.0,26.0,29.0,15.0,16.0,10.0,22.0,17.0,8.0,3.0,6.0,24.0,21.0,12.0,1.0,27.0,18.0,25.0,30.0,14.0,19.0,7.0,5.0,4.0,28.0,31.0,13.0,23.0,20.0,9.0
2018,14,18.0,6.0,24.0,29.0,4.0,25.0,9.0,28.0,23.0,13.0,20.0,2.0,26.0,15.0,14.0,7.0,1.0,17.0,5.0,30.0,10.0,8.0,19.0,27.0,11.0,12.0,31.0,21.0,16.0,3.0,22.0
2018,15,14.0,18.0,16.0,29.0,6.0,15.0,5.0,4.0,21.0,11.0,19.0,26.0,3.0,23.0,12.0,28.0,13.0,27.0,2.0,30.0,24.0,7.0,25.0,8.0,20.0,1.0,31.0,9.0,22.0,17.0,10.0
2018,16,19.0,18.0,9.0,29.0,23.0,25.0,7.0,1.0,10.0,5.0,28.0,27.0,17.0,24.0,22.0,3.0,15.0,21.0,26.0,30.0,13.0,14.0,11.0,8.0,16.0,2.0,31.0,20.0,4.0,6.0,12.0
2018,17,11.0,9.0,21.0,29.0,24.0,16.0,23.0,19.0,10.0,22.0,8.0,1.0,28.0,3.0,25.0,2.0,15.0,27.0,12.0,30.0,6.0,17.0,20.0,13.0,7.0,4.0,31.0,14.0,18.0,5.0,26.0
2018,18,6.0,12.0,22.0,29.0,23.0,16.0,10.0,4.0,13.0,2.0,26.0,25.0,1.0,24.0,9.0,20.0,5.0,21.0,15.0,30.0,14.0,3.0,19.0,18.0,17.0,8.0,31.0,11.0,28.0,7.0,27.0
2018,19,19.0,13.0,2.0,29.0,16.0,5.0,22.0,9.0,21.0,23.0,7.0,12.0,3.0,18.0,20.0,27.0,25.0,14.0,4.0,30.0,26.0,28.0,10.0,11.0,24.0,6.0,31.0,1.0,15.0,8.0,17.0
2018,20,10.0,28.0,18.0,29.0,8.0,27.0,11.0,4.0,21.0,24.0,14.0,16.0,22.0,2.0,19.0,1.0,26.0,15.0,5.0,30.0,25.0,17.0,13.0,20.0,7.0,3.0,31.0,6.0,23.0,9.0,12.0
2018,21,6.0,4.0,10.0,29.0,25.0,9.0,21.0,24.0,19.0,2.0,13.0,1.0,3.0,28.0,18.0,14.0,15.0,17.0,26.0,30.0,5.0,12.0,20.0,7.0,16.0,27.0,31.0,23.0,11.0,22.0,8.0
2018,22,13.0,1.0,20.0,29.0,2.0,12.0,25.0,5.0,17.0,22.0,16.0,23.0,3.0,7.0,15.0,6.0,11.0,27.0,10.0,30.0,19.0,14.0,9.0,24.0,4.0,28.0,31.0,26.0,8.0,21.0,18.0
2018,23,16.0,11.0,6.0,29.0,21.0,22.0,9.0,18.0,8.0,26.0,4.0,3.0,25.0,2.0,7.0,1.0,14.0,15.0,17.0,30.0,27.0,23.0,28.0,12.0,5.0,13.0,31.0,19.0,24.0,20.0,10.0
2018,24,15.0,11.0,3.0,29.0,16.0,2.0,25.0,26.0,5.0,10.0,6.0,24.0,13.0,14.0,8.0,23.0,19.0,28.0,20.0,30.0,9.0,12.0,1.0,27.0,7.0,22.0,31.0,17.0,18.0,4.0,21.0
2018,25,17.0,11.0,8.0,29.0,2.0,20.0,28.0,19.0,18.0,10.0,14.0,26.0,12.0,3.0,21.0,24.0,4.0,9.0,6.0,30.0,5.0,25.0,15.0,27.0,16.0,1.0,31.0,22.0,23.0,13.0,7.0
2018,26,14.0,10.0,11.0,29.0,3.0,16.0,25.0,28.0,9.0,17.0,1.0,19.0,26.0,18.0,4.0,8.0,12.0,21.0,5.0,30.0,2.0,23.0,15.0,27.0,20.0,7.0,31.0,6.0,22.0,13.0,24.0
2018,27,16.0,20.0,8.0,29.0,14.0,5.0,23.0,6.0,26.0,2.0,10.0,25.0,1.0,28.0,19.0,27.0,12.0,22.0,15.0,30.0,11.0,18.0,24.0,21.0,13.0,4.0,31.0,17.0,9.0,3.0,7.0
2018,28,12.0,17.0,5.0,29.0,14.0,13.0,7.0,3.0,1.0,22.0,15.0,8.0,28.0,27.0,6.0,19.0,16.0,2.0,11.0,30.0,23.0,18.0,26.0,21.0,24.0,20.0,31.0,9.0,4.0,25.0,10.0
2018,29,7.0,21.0,27.0,29.0,26.0,1.0,12.0,20.0,28.0,18.0,8.0,15.0,6.0,9.0,11.0,3.0,17.0,22.0,24.0,30.0,16.0,4.0,14.0,5.0,25.0,13.0,31.0,2.0,10.0,23.0,19.0
2018,30,5.0,20.0,19.0,29.0,24.0,21.0,7.0,4.0,2.0,6.0,8.0,27.0,26.0,16.0,23.0,3.0,17.0,15.0,1.0,30.0,9.0,10.0,18.0,14.0,22.0,12.0,31.0,11.0,13.0,28.0,25.0
2018,31,26.0,13.0,17.0,29.0,28.0,12.0,9.0,25.0,23.0,24.0,7.0,19.0,3.0,8.0,21.0,22.0,4.0,2.0,16.0,30.0,15.0,27.0,18.0,6.0,20.0,5.0,31.0,11.0,14.0,10.0,1.0
2018,32,1.0,18.0,14.0,29.0,16.0,10.0,28.0,6.0,8.0,9.0,4.0,7.0,20.0,2.0,17.0,3.0,27.0,12.0,25.0,30.0,11.0,13.0,21.0,26.0,5.0,15.0,31.0,19.0,24.0,22.0,23.0
2018,33,9.0,3.0,2.0,29.0,26.0,14.0,23.0,19.0,8.0,10.0,6.0,1.0,25.0,16.0,4.0,28.0,17.0,20.0,24.0,30.0,12.0,27.0,15.0,13.0,7.0,22.0,31.0,21.0,5.0,11.0,18.0
2018,34,11.0,20.0,21.0,29.0,3.0,4.0,6.0,8.0,14.0,18.0,25.0,27.0,2.0,28.0,13.0,12.0,15.0,17.0,9.0,30.0,23.0,10.0,19.0,16.0,24.0,1.0,31.0,22.0,5.0,26.0,7.0
2018,35,19.0,17.0,10.0,29.0,15.0,9.0,22.0,21.0,25.0,13.0,18.0,7.0,1.0,6.0,11.0,14.0,12.0,8.0,2.0,30.0,27.0,4.0,16.0,5.0,3.0,20.0,31.0,24.0,28.0,23.0,26.0
2018,36,9.0,12.0,13.0,29.0,27.0,6.0,5.0,18.0,4.0,2.0,24.0,22.0,28.0,20.0,8.0,15.0,21.0,10.0,25.0,30.0,3.0,23.0,11.0,16.0,1.0,19.0,31.0,14.0,17.0,26.0,7.0
2018,37,6.0,12.0,7.0,29.0,2.0,22.0,27.0,9.0,17.0,8.0,28.0,19.0,23.0,25.0,10.0,3.0,13.0,15.0,18.0,30.0,14.0,24.0,21.0,5.0,26.0,1.0,31.0,11.0,20.0,16.0,4.0
2018,38,22.0,17.0,4.0,29.0,6.0,14.0,7.0,27.0,15.0,25.0,12.0,2.0,18.0,11.0,19.0,23.0,8.0,28.0,26.0,30.0,13.0,16.0,5.0,20.0,9.0,10.0,31.0,1.0,3.0,21.0,24.0
2018,39,10.0,15.0,23.0,29.0,27.0,16.0,21.0,7.0,19.0,4.0,24.0,1.0,2.0,3.0,22.0,17.0,18.0,5.0,9.0,30.0,12.0,20.0,11.0,26.0,6.0,8.0,31.0,13.0,25.0,28.0,14.0
2018,40,8.0,9.0,15.0,29.0,2.0,21.0,12.0,16.0,10.0,14.0,13.0,25.0,26.0,18.0,17.0,22.0,24.0,11.0,4.0,30.0,5.0,28.0,7.0,6.0,19.0,3.0,31.0,1.0,27.0,20.0,23.0
2018,41,14.0,13.0,24.0,29.0,4.0,16.0,18.0,15.0,28.0,9.0,3.0,1.0,11.0,7.0,21.0,2.0,12.0,10.0,17.0,30.0,5.0,19.0,8.0,25.0,6.0,27.0,31.0,22.0,26.0,23.0,20.0
2018,42,6.0,7.0,10.0,29.0,18.0,9.0,15.0,27.0,4.0,2.0,14.0,24.0,8.0,26.0,16.0,20.0,5.0,19.0,22.0,30.0,3.0,21.0,1.0,11.0,12.0,23.0,31.0,17.0,25.0,28.0,13.0
2018,43,19.0,6.0,21.0,29.0,25.0,3.0,20.0,10.0,9.0,8.0,2.0,14.0,17.0,1.0,22.0,4.0,5.0,16.0,24.0,30.0,11.0,13.0,7.0,23.0,27.0,26.0,31.0,28.0,15.0,18.0,12.0
2018,44,16.0,24.0,18.0,29.0,25.0,13.0,15.0,4.0,19.0,20.0,12.0,11.0,1.0,17.0,9.0,8.0,23.0,27.0,21.0,30.0,22.0,10.0,26.0,7.0,14.0,28.0,31.0,6.0,5.0,3.0,2.0
2018,45,5.0,3.0,12.0,29.0,15.0,9.0,26.0,23.0,14.0,4.0,19.0,8.0,27.0,17.0,16.0,2.0,10.0,7.0,20.0,30.0,1.0,24.0,21.0,6.0,13.0,18.0,31.0,22.0,28.0,25.0,11.0
2018,46,16.0,10.0,21.0,29.0,27.0,3.0,25.0,7.0,15.0,5.0,26.0,8.0,4.0,24.0,9.0,28.0,19.0,18.0,20.0,30.0,13.0,17.0,6.0,12.0,2.0,23.0,31.0,1.0,22.0,14.0,11.0
2018,47,3.0,2.0,18.0,29.0,17.0,16.0,20.0,26.0,4.0,9.0,7.0,1.0,13.0,10.0,11.0,24.0,15.0,8.0,27.0,30.0,12.0,21.0,19.0,22.0,5.0,28.0,31.0,23.0,14.0,6.0,25.0
2018,48,22.0,18.0,14.0,29.0,27.0,6.0,25.0,20.0,12.0,23.0,26.0,5.0,1.0,7.0,15.0,3.0,11.0,16.0,17.0,30.0,19.0,8.0,10.0,24.0,13.0,21.0,31.0,2.0,4.0,28.0,9.0
2018,49,20.0,6.0,27.0,29.0,10.0,12.0,24.0,14.0,11.0,4.0,5.0,16.0,26.0,8.0,7.0,23.0,3.0,9.0,21.0,30.0,1.0,18.0,2.0,17.0,19.0,13.0,31.0,22.0,28.0,25.0,15.0
2018,50,21.0,9.0,16.0,29.0,27.0,5.0,1.0,18.0,10.0,2.0,13.0,23.0,15.0,11.0,17.0,12.0,20.0,24.0,25.0,30.0,6.0,14.0,7.0,22.0,3.0,28.0,31.0,19.0,8.0,26.0,4.0
2018,51,16.0,5.0,27.0,29.0,28.0,22.0,11.0,19.0,8.0,7.0,18.0,3.0,21.0,14.0,6.0,17.0,24.0,20.0,9.0,30.0,4.0,13.0,12.0,15.0,23.0,26.0,31.0,10.0,25.0,1.0,2.0
2018,52,2.0,27.0,21.0,29.0,26.0,25.0,7.0,19.0,17.0,20.0,18.0,4.0,3.0,11.0,15.0,5.0,13.0,22.0,16.0,30.0,28.0,9.0,24.0,8.0,10.0,6.0,31.0,14.0,1.0,23.0,12.0
2019,1,9.0,22.0,4.0,29.0,1.0,25.0,2.0,5.0,11.0,27.0,21.0,16.0,28.0,26.0,18.0,17.0,10.0,15.0,8.0,30.0,20.0,7.0,6.0,24.0,12.0,3.0,31.0,23.0,13.0,19.0,14.0
2019,2,20.0,12.0,13.0,29.0,19.0,11.0,3.0,27.0,26.0,23.0,16.0,17.0,10.0,22.0,9.0,28.0,18.0,8.0,4.0,30.0,24.0,15.0,25.0,2.0,7.0,1.0,31.0,14.0,6.0,5.0,21.0
2019,3,7.0,23.0,18.0,29.0,17.0,21.0,15.0,3.0,4.0,19.0,26.0,11.0,27.0,16.0,14.0,24.0,22.0,6.0,10.0,30.0,25.0,12.0,9.0,8.0,28.0,2.0,31.0,13.0,5.0,1.0,20.0
2019,4,15.0,4.0,3.0,29.0,27.0,8.0,5.0,10.0,12.0,21.0,14.0,26.0,1.0,23.0,11.0,22.0,19.0,16.0,17.0,30.0,7.0,2.0,25.0,13.0,9.0,28.0,31.0,18.0,6.0,24.0,20.0
2019,5,18.0,12.0,14.0,29.0,26.0,22.0,9.0,16.0,15.0,5.0,20.0,28.0,6.0,27.0,11.0,21.0,24.0,23.0,25.0,30.0,17.0,1.0,4.0,7.0,10.0,19.0,31.0,3.0,2.0,8.0,13.0
2019,6,15.0,9.0,25.0,29.0,27.0,1.0,18.0,26.0,16.0,4.0,2.0,7.0,12.0,14.0,3.0,19.0,21.0,20.0,22.0,30.0,8.0,5.0,23.0,6.0,10.0,28.0,31.0,11.0,13.0,24.0,17.0
2019,7,27.0,25.0,6.0,29.0,3.0,20.0,13.0,19.0,10.0,24.0,5.0,9.0,12.0,22.0,15.0,26.0,21.0,11.0,7.0,30.0,23.0,17.0,16.0,14.0,28.0,1.0,31.0,4.0,8.0,2.0,18.0
2019,8,17.0,22.0,18.0,29.0,21.0,19.0,7.0,3.0,10.0,8.0,12.0,20.0,14.0,23.0,15.0,25.0,16.0,24.0,27.0,30.0,9.0,4.0,11.0,13.0,6.0,28.0,31.0,26.0,5.0,1.0,2.0
2019,9,13.0,10.0,11.0,29.0,27.0,17.0,22.0,16.0,3.0,15.0,24.0,2.0,23.0,1.0,8.0,5.0,18.0,28.0,7.0,30.0,14.0,20.0,9.0,12.0,21.0,19.0,31.0,25.0,4.0,26.0,6.0
2019,10,7.0,1.0,15.0,29.0,28.0,17.0,4.0,21.0,6.0,3.0,10.0,18.0,19.0,27.0,11.0,20.0,8.0,23.0,26.0,30.0,2.0,16.0,5.0,12.0,25.0,24.0,31.0,13.0,14.0,22.0,9.0
2019,11,18.0,13.0,8.0,29.0,2.0,22.0,21.0,15.0,20.0,12.0,17.0,25.0,7.0,27.0,26.0,5.0,16.0,19.0,10.0,30.0,9.0,1.0,3.0,4.0,14.0,6.0,31.0,23.0,24.0,28.0,11.0
2019,12,22.0,7.0,21.0,29.0,10.0,16.0,4.0,1.0,11.0,9.0,20.0,17.0,8.0,15.0,23.0,13.0,3.0,19.0,6.0,30.0,5.0,18.0,12.0,27.0,26.0,2.0,31.0,25.0,14.0,28.0,24.0
2019,13,8.0,17.0,4.0,29.0,5.0,18.0,27.0,15.0,13.0,20.0,6.0,3.0,16.0,1.0,11.0,12.0,24.0,28.0,23.0,30.0,25.0,21.0,7.0,14.0,9.0,2.0,31.0,10.0,22.0,26.0,19.0
2019,14,18.0,24.0,25.0,29.0,22.0,23.0,17.0,4.0,9.0,28.0,20.0,10.0,2.0,26.0,14.0,6.0,19.0,13.0,8.0,30.0,27.0,11.0,16.0,3.0,21.0,12.0,31.0,7.0,5.0,1.0,15.0
2019,15,17.0,15.0,9.0,29.0,25.0,8.0,3.0,26.0,5.0,23.0,18.0,24.0,4.0,20.0,19.0,28.0,21.0,22.0,27.0,30.0,14.0,2.0,16.0,11.0,13.0,12.0,31.0,10.0,6.0,1.0,7.0
2019,16,5.0,21.0,28.0,29.0,27.0,23.0,18.0,15.0,3.0,17.0,22.0,11.0,19.0,7.0,13.0,4.0,25.0,26.0,12.0,30.0,20.0,2.0,1.0,9.0,14.0,24.0,31.0,6.0,8.0,16.0,10.0
2019,17,17.0,7.0,22.0,29.0,25.0,16.0,15.0,14.0,4.0,11.0,24.0,23.0,9.0,6.0,18.0,20.0,12.0,1.0,3.0,30.0,5.0,21.0,10.0,13.0,2.0,26.0,31.0,27.0,8.0,28.0,19.0
2019,18,6.0,18.0,15.0,29.0,21.0,13.0,28.0,5.0,4.0,11.0,14.0,26.0,19.0,17.0,22.0,23.0,9.0,2.0,27.0,30.0,16.0,10.0,24.0,7.0,1.0,25.0,31.0,3.0,8.0,12.0,20.0
2019,19,8.0,15.0,22.0,29.0,1.0,13.0,28.0,23.0,5.0,12.0,27.0,2.0,25.0,24.0,20.0,19.0,4.0,6.0,16.0,30.0,7.0,11.0,17.0,10.0,9.0,3.0,31.0,18.0,26.0,21.0,14.0
2019,20,7.0,2.0,9.0,29.0,21.0,20.0,27.0,24.0,6.0,4.0,14.0,19.0,22.0,25.0,11.0,13.0,5.0,26.0,17.0,30.0,3.0,15.0,1.0,18.0,16.0,8.0,31.0,12.0,10.0,28.0,23.0
2019,21,8.0,2.0,9.0,29.0,24.0,3.0,14.0,22.0,1.0,5.0,19.0,28.0,25.0,21.0,6.0,20.0,18.0,16.0,23.0,30.0,4.0,15.0,13.0,7.0,17.0,27.0,31.0,12.0,10.0,26.0,11.0
2019,22,16.0,7.0,12.0,29.0,22.0,2.0,20.0,25.0,3.0,9.0,23.0,27.0,4.0,28.0,15.0,5.0,26.0,18.0,21.0,30.0,8.0,1.0,10.0,14.0,6.0,24.0,31.0,19.0,13.0,17.0,11.0
2019,23,17.0,20.0,16.0,29.0,25.0,10.0,5.0,2.0,23.0,19.0,3.0,4.0,18.0,27.0,7.0,24.0,26.0,6.0,22.0,30.0,14.0,13.0,28.0,9.0,11.0,21.0,31.0,12.0,15.0,1.0,8.0
2019,24,3.0,16.0,20.0,29.0,27.0,8.0,2.0,5.0,23.0,10.0,17.0,9.0,19.0,13.0,15.0,1.0,21.0,22.0,25.0,30.0,14.0,24.0,7.0,12.0,18.0,28.0,31.0,26.0,4.0,6.0,11.0
2019,25,15.0,17.0,22.0,29.0,24.0,10.0,5.0,2.0,7.0,20.0,28.0,23.0,12.0,13.0,9.0,8.0,25.0,27.0,3.0,30.0,14.0,11.0,18.0,19.0,21.0,1.0,31.0,4.0,26.0,6.0,16.0
2019,26,15.0,22.0,11.0,29.0,21.0,9.0,26.0,6.0,17.0,16.0,25.0,19.0,3.0,23.0,18.0,28.0,20.0,10.0,7.0,30.0,27.0,8.0,13.0,5.0,24.0,4.0,31.0,12.0,14.0,2.0,1.0
2019,27,8.0,4.0,2.0,29.0,18.0,21.0,28.0,16.0,5.0,9.0,3.0,17.0,15.0,7.0,10.0,12.0,22.0,19.0,23.0,30.0,11.0,14.0,20.0,13.0,1.0,27.0,31.0,25.0,6.0,26.0,24.0
2019,28,6.0,3.0,7.0,29.0,26.0,23.0,28.0,14.0,19.0,17.0,8.0,15.0,21.0,1.0,11.0,5.0,10.0,22.0,12.0,30.0,20.0,16.0,24.0,9.0,4.0,27.0,31.0,18.0,13.0,2.0,25.0
2019,29,14.0,19.0,8.0,29.0,26.0,27.0,25.0,4.0,16.0,2.0,9.0,7.0,13.0,11.0,6.0,10.0,21.0,23.0,24.0,30.0,12.0,1.0,3.0,18.0,22.0,28.0,31.0,15.0,20.0,5.0,17.0
2019,30,23.0,25.0,4.0,29.0,28.0,18.0,6.0,22.0,13.0,17.0,10.0,11.0,2.0,5.0,21.0,8.0,14.0,16.0,9.0,30.0,24.0,7.0,20.0,12.0,19.0,27.0,31.0,26.0,3.0,1.0,15.0
2019,31,15.0,11.0,16.0,29.0,1.0,9.0,28.0,25.0,12.0,8.0,5.0,26.0,3.0,24.0,17.0,21.0,14.0,19.0,6.0,30.0,7.0,18.0,22.0,20.0,10.0,2.0,31.0,4.0,27.0,23.0,13.0
2019,32,20.0,8.0,13.0,29.0,28.0,7.0,26.0,16.0,4.0,5.0,18.0,1.0,23.0,12.0,6.0,25.0,24.0,21.0,27.0,30.0,10.0,17.0,9.0,22.0,3.0,2.0,31.0,19.0,14.0,11.0,15.0
2019,33,17.0,9.0,25.0,29.0,5.0,15.0,19.0,20.0,12.0,4.0,21.0,22.0,3.0,26.0,13.0,28.0,14.0,10.0,24.0,30.0,7.0,6.0,8.0,18.0,1.0,23.0,31.0,27.0,16.0,2.0,11.0
2019,34,7.0,13.0,23.0,29.0,27.0,24.0,5.0,16.0,11.0,14.0,3.0,28.0,21.0,2.0,19.0,25.0,20.0,10.0,8.0,30.0,9.0,22.0,6.0,12.0,4.0,26.0,31.0,17.0,1.0,15.0,18.0
2019,35,18.0,22.0,27.0,29.0,25.0,9.0,3.0,13.0,15.0,14.0,26.0,6.0,7.0,28.0,21.0,23.0,16.0,24.0,2.0,30.0,20.0,4.0,8.0,12.0,17.0,10.0,31.0,5.0,19.0,1.0,11.0
2019,36,20.0,19.0,14.0,29.0,2.0,17.0,13.0,21.0,26.0,28.0,3.0,4.0,15.0,7.0,9.0,11.0,8.0,25.0,5.0,30.0,27.0,24.0,10.0,16.0,23.0,6.0,31.0,12.0,18.0,1.0,22.0
2019,37,19.0,23.0,14.0,29.0,21.0,18.0,6.0,1.0,22.0,26.0,7.0,20.0,15.0,2.0,12.0,3.0,8.0,4.0,17.0,30.0,24.0,5.0,25.0,13.0,27.0,28.0,31.0,9.0,11.0,16.0,10.0
2019,38,8.0,7.0,17.0,29.0,2.0,6.0,9.0,20.0,5.0,13.0,26.0,11.0,4.0,28.0,19.0,27.0,16.0,15.0,10.0,30.0,3.0,23.0,21.0,14.0,24.0,1.0,31.0,18.0,12.0,22.0,25.0
2019,39,13.0,6.0,21.0,29.0,28.0,18.0,27.0,25.0,7.0,12.0,4.0,2.0,22.0,14.0,10.0,17.0,15.0,20.0,19.0,30.0,11.0,9.0,1.0,16.0,23.0,26.0,31.0,5.0,24.0,3.0,8.0
2019,40,17.0,3.0,13.0,29.0,27.0,9.0,24.0,2.0,16.0,10.0,18.0,8.0,1.0,22.0,20.0,15.0,26.0,7.0,21.0,30.0,6.0,14.0,19.0,25.0,5.0,23.0,31.0,28.0,4.0,12.0,11.0
2019,41,20.0,19.0,22.0,29.0,27.0,21.0,1.0,4.0,2.0,8.0,18.0,10.0,23.0,3.0,9.0,5.0,26.0,25.0,17.0,30.0,24.0,14.0,16.0,7.0,13.0,28.0,31.0,12.0,6.0,11.0,15.0
2019,42,21.0,13.0,15.0,29.0,27.0,1.0,12.0,20.0,2.0,16.0,9.0,6.0,10.0,22.0,3.0,25.0,24.0,4.0,26.0,30.0,23.0,17.0,18.0,7.0,11.0,28.0,31.0,5.0,14.0,8.0,19.0
2019,43,15.0,18.0,27.0,29.0,6.0,26.0,3.0,13.0,19.0,24.0,4.0,22.0,10.0,14.0,9.0,12.0,8.0,23.0,11.0,30.0,21.0,16.0,25.0,17.0,28.0,1.0,31.0,5.0,20.0,2.0,7.0
2019,44,9.0,21.0,26.0,29.0,23.0,17.0,7.0,12.0,6.0,8.0,14.0,20.0,5.0,24.0,1.0,19.0,22.0,4.0,2.0,30.0,18.0,13.0,15.0,11.0,27.0,16.0,31.0,3.0,10.0,25.0,28.0
2019,45,19.0,26.0,5.0,29.0,4.0,13.0,2.0,9.0,24.0,28.0,11.0,8.0,23.0,25.0,3.0,15.0,18.0,6.0,20.0,30.0,27.0,22.0,21.0,12.0,7.0,1.0,31.0,14.0,10.0,16.0,17.0
2019,46,9.0,11.0,23.0,29.0,28.0,19.0,25.0,18.0,4.0,14.0,27.0,20.0,3.0,1.0,22.0,2.0,10.0,6.0,24.0,30.0,8.0,15.0,21.0,13.0,7.0,26.0,31.0,12.0,5.0,16.0,17.0
2019,47,16.0,13.0,5.0,29.0,21.0,1.0,28.0,3.0,6.0,12.0,14.0,27.0,20.0,22.0,17.0,26.0,25.0,10.0,18.0,30.0,9.0,23.0,15.0,4.0,2.0,24.0,31.0,7.0,11.0,8.0,19.0
2019,48,20.0,7.0,11.0,29.0,28.0,4.0,24.0,3.0,12.0,6.0,8.0,18.0,9.0,25.0,17.0,19.0,2.0,23.0,5.0,30.0,16.0,21.0,14.0,13.0,26.0,27.0,31.0,22.0,10.0,15.0,1.0
2019,49,10.0,16.0,27.0,29.0,1.0,24.0,3.0,4.0,17.0,12.0,7.0,18.0,15.0,28.0,9.0,25.0,13.0,21.0,5.0,30.0,26.0,23.0,6.0,22.0,8.0,2.0,31.0,11.0,14.0,19.0,20.0
2019,50,6.0,26.0,5.0,29.0,1.0,10.0,13.0,17.0,22.0,27.0,18.0,28.0,2.0,9.0,24.0,8.0,25.0,4.0,12.0,30.0,16.0,14.0,21.0,19.0,7.0,15.0,31.0,3.0,11.0,23.0,20.0
2019,51,26.0,21.0,17.0,29.0,12.0,8.0,4.0,27.0,28.0,9.0,24.0,2.0,10.0,5.0,16.0,3.0,15.0,18.0,13.0,30.0,6.0,7.0,20.0,19.0,14.0,1.0,31.0,23.0,11.0,25.0,22.0
2019,52,14.0,9.0,16.0,29.0,24.0,8.0,26.0,1.0,27.0,6.0,20.0,21.0,12.0,5.0,17.0,4.0,13.0,25.0,2.0,30.0,23.0,11.0,18.0,19.0,22.0,3.0,31.0,10.0,7.0,28.0,15.0
2020,1,9.0,17.0,19.0,29.0,27.0,20.0,28.0,11.0,6.0,16.0,25.0,22.0,3.0,18.0,21.0,24.0,26.0,23.0,4.0,30.0,15.0,8.0,14.0,10.0,7.0,1.0,31.0,12.0,13.0,2.0,5.0
2020,2,2.0,18.0,9.0,29.0,27.0,17.0,21.0,7.0,10.0,20.0,26.0,5.0,13.0,4.0,12.0,1.0,22.0,14.0,25.0,30.0,8.0,6.0,15.0,3.0,28.0,16.0,31.0,23.0,11.0,24.0,19.0
2020,3,8.0,20.0,22.0,29.0,21.0,23.0,1.0,27.0,9.0,6.0,10.0,16.0,4.0,5.0,11.0,25.0,15.0,13.0,26.0,30.0,14.0,19.0,18.0,12.0,3.0,28.0,31.0,24.0,17.0,2.0,7.0
2020,4,5.0,6.0,22.0,29.0,28.0,12.0,26.0,10.0,1.0,4.0,24.0,13.0,11.0,21.0,9.0,19.0,15.0,16.0,25.0,30.0,2.0,3.0,14.0,18.0,7.0,27.0,31.0,8.0,23.0,20.0,17.0
2020,5,12.0,6.0,15.0,29.0,13.0,20.0,27.0,17.0,5.0,10.0,18.0,8.0,25.0,7.0,23.0,19.0,26.0,28.0,21.0,30.0,3.0,1.0,22.0,2.0,4.0,14.0,31.0,11.0,9.0,24.0,16.0
2020,6,6.0,22.0,11.0,29.0,28.0,3.0,19.0,15.0,18.0,9.0,1.0,5.0,20.0,14.0,27.0,12.0,7.0,4.0,2.0,30.0,24.0,13.0,23.0,8.0,25.0,16.0,31.0,10.0,26.0,21.0,17.0
2020,7,17.0,9.0,25.0,29.0,28.0,3.0,1.0,22.0,21.0,6.0,2.0,18.0,4.0,15.0,16.0,14.0,24.0,5.0,26.0,30.0,13.0,20.0,23.0,19.0,10.0,27.0,31.0,11.0,8.0,7.0,12.0
2020,8,7.0,10.0,15.0,29.0,2.0,11.0,13.0,14.0,5.0,22.0,9.0,21.0,26.0,23.0,17.0,18.0,1.0,28.0,8.0,30.0,6.0,19.0,4.0,16.0,27.0,20.0,31.0,3.0,12.0,25.0,24.0
2020,9,7.0,5.0,19.0,29.0,4.0,13.0,25.0,12.0,21.0,11.0,6.0,1.0,3.0,20.0,9.0,23.0,16.0,18.0,24.0,30.0,15.0,10.0,14.0,22.0,27.0,28.0,31.0,8.0,26.0,17.0,2.0
2020,10,7.0,5.0,25.0,29.0,23.0,4.0,21.0,13.0,6.0,2.0,1.0,27.0,8.0,20.0,14.0,22.0,15.0,16.0,26.0,30.0,3.0,17.0,12.0,19.0,24.0,28.0,31.0,9.0,10.0,18.0,11.0
2020,11,19.0,14.0,26.0,29.0,4.0,9.0,22.0,10.0,15.0,12.0,11.0,23.0,5.0,17.0,8.0,24.0,25.0,21.0,27.0,30.0,16.0,20.0,6.0,13.0,18.0,28.0,31.0,7.0,2.0,1.0,3.0
2020,12,21.0,24.0,25.0,29.0,16.0,11.0,7.0,9.0,20.0,1.0,10.0,8.0,12.0,23.0,19.0,17.0,27.0,18.0,2.0,30.0,15.0,3.0,4.0,14.0,22.0,28.0,31.0,5.0,26.0,13.0,6.0
2020,13,15.0,2.0,1.0,29.0,27.0,11.0,19.0,20.0,14.0,26.0,21.0,13.0,5.0,17.0,9.0,25.0,28.0,3.0,22.0,30.0,6.0,10.0,18.0,8.0,7.0,24.0,31.0,23.0,4.0,12.0,16.0
2020,14,11.0,18.0,27.0,29.0,10.0,8.0,26.0,2.0,9.0,7.0,3.0,19.0,14.0,28.0,23.0,16.0,20.0,21.0,4.0,30.0,15.0,6.0,5.0,17.0,25.0,1.0,31.0,12.0,22.0,24.0,13.0
2020,15,17.0,13.0,7.0,29.0,1.0,27.0,4.0,25.0,11.0,24.0,28.0,10.0,20.0,3.0,14.0,9.0,2.0,8.0,22.0,30.0,19.0,26.0,18.0,15.0,5.0,12.0,31.0,21.0,6.0,16.0,23.0
2020,16,20.0,8.0,9.0,29.0,19.0,3.0,14.0,16.0,17.0,7.0,22.0,21.0,1.0,23.0,12.0,26.0,28.0,27.0,4.0,30.0,10.0,6.0,25.0,24.0,13.0,15.0,31.0,18.0,2.0,5.0,11.0
2020,17,18.0,25.0,4.0,29.0,1.0,20.0,10.0,22.0,3.0,24.0,5.0,12.0,19.0,28.0,6.0,27.0,26.0,15.0,7.0,30.0,21.0,17.0,16.0,14.0,8.0,2.0,31.0,9.0,23.0,13.0,11.0
2020,18,12.0,11.0,5.0,29.0,3.0,23.0,20.0,15.0,13.0,28.0,25.0,16.0,24.0,7.0,9.0,14.0,6.0,10.0,26.0,30.0,27.0,19.0,22.0,21.0,2.0,1.0,31.0,8.0,17.0,4.0,18.0
2020,19,10.0,27.0,21.0,29.0,6.0,17.0,2.0,15.0,3.0,26.0,12.0,9.0,5.0,19.0,28.0,23.0,24.0,13.0,4.0,30.0,25.0,1.0,8.0,14.0,16.0,7.0,31.0,22.0,11.0,18.0,20.0
2020,20,13.0,18.0,27.0,29.0,28.0,12.0,23.0,24.0,10.0,6.0,22.0,3.0,16.0,9.0,21.0,2.0,15.0,19.0,25.0,30.0,4.0,8.0,7.0,14.0,20.0,26.0,31.0,5.0,17.0,1.0,11.0
2020,21,5.0,10.0,11.0,29.0,1.0,16.0,8.0,12.0,19.0,24.0,9.0,21.0,25.0,18.0,7.0,28.0,14.0,6.0,23.0,30.0,26.0,17.0,27.0,20.0,3.0,2.0,31.0,13.0,4.0,15.0,22.0
2020,22,14.0,15.0,2.0,29.0,27.0,20.0,9.0,7.0,22.0,11.0,5.0,12.0,10.0,3.0,17.0,1.0,25.0,16.0,13.0,30.0,4.0,23.0,24.0,6.0,26.0,28.0,31.0,19.0,21.0,18.0,8.0
2020,23,23.0,9.0,5.0,29.0,22.0,21.0,6.0,12.0,13.0,25.0,24.0,10.0,20.0,3.0,8.0,4.0,1.0,7.0,11.0,30.0,28.0,27.0,26.0,14.0,18.0,2.0,31.0,16.0,17.0,15.0,19.0
2020,24,4.0,10.0,23.0,29.0,2.0,9.0,13.0,12.0,7.0,6.0,24.0,18.0,11.0,25.0,15.0,28.0,21.0,22.0,26.0,30.0,5.0,8.0,1.0,19.0,14.0,27.0,31.0,3.0,17.0,20.0,16.0
2020,25,5.0,13.0,26.0,29.0,19.0,10.0,4.0,2.0,8.0,16.0,6.0,23.0,1.0,12.0,7.0,24.0,27.0,3.0,25.0,30.0,20.0,9.0,14.0,18.0,22.0,28.0,31.0,15.0,21.0,11.0,17.0
2020,26,12.0,14.0,22.0,29.0,28.0,11.0,17.0,8.0,21.0,6.0,3.0,7.0,18.0,1.0,10.0,25.0,20.0,19.0,2.0,30.0,5.0,13.0,9.0,15.0,27.0,26.0,31.0,16.0,23.0,24.0,4.0
2020,27,14.0,20.0,24.0,29.0,1.0,10.0,13.0,23.0,18.0,4.0,11.0,6.0,2.0,25.0,12.0,3.0,15.0,8.0,27.0,30.0,9.0,17.0,28.0,22.0,16.0,21.0,31.0,26.0,7.0,5.0,19.0
2020,28,8.0,28.0,25.0,29.0,23.0,20.0,9.0,10.0,14.0,15.0,5.0,19.0,11.0,26.0,6.0,13.0,12.0,7.0,27.0,30.0,3.0,17.0,22.0,1.0,2.0,24.0,31.0,21.0,4.0,18.0,16.0
2020,29,7.0,6.0,16.0,29.0,21.0,22.0,12.0,17.0,20.0,14.0,24.0,28.0,26.0,1.0,8.0,25.0,27.0,2.0,19.0,30.0,4.0,23.0,10.0,13.0,18.0,15.0,31.0,3.0,11.0,9.0,5.0
2020,30,14.0,11.0,3.0,29.0,6.0,8.0,4.0,13.0,27.0,10.0,26.0,2.0,24.0,20.0,18.0,22.0,21.0,7.0,1.0,30.0,17.0,16.0,25.0,23.0,19.0,5.0,31.0,28.0,15.0,9.0,12.0
2020,31,7.0,4.0,15.0,29.0,9.0,17.0,2.0,11.0,22.0,24.0,10.0,18.0,19.0,3.0,1.0,25.0,20.0,5.0,26.0,30.0,6.0,8.0,23.0,12.0,27.0,28.0,31.0,13.0,21.0,16.0,14.0
2020,32,24.0,22.0,15.0,29.0,1.0,4.0,7.0,9.0,21.0,13.0,26.0,28.0,25.0,12.0,27.0,2.0,16.0,18.0,14.0,30.0,23.0,19.0,10.0,8.0,11.0,20.0,31.0,17.0,6.0,3.0,5.0
2020,33,11.0,27.0,9.0,29.0,2.0,24.0,6.0,18.0,14.0,23.0,12.0,8.0,19.0,5.0,13.0,4.0,16.0,26.0,3.0,30.0,28.0,25.0,20.0,17.0,1.0,10.0,31.0,7.0,15.0,22.0,21.0
2020,34,4.0,10.0,24.0,29.0,27.0,7.0,19.0,20.0,1.0,6.0,18.0,11.0,5.0,12.0,2.0,26.0,17.0,21.0,25.0,30.0,16.0,22.0,3.0,14.0,23.0,28.0,31.0,9.0,15.0,13.0,8.0
2020,35,20.0,10.0,7.0,29.0,28.0,27.0,9.0,13.0,22.0,24.0,17.0,5.0,26.0,2.0,14.0,3.0,6.0,12.0,11.0,30.0,23.0,18.0,25.0,16.0,1.0,8.0,31.0,15.0,4.0,19.0,21.0
2020,36,21.0,3.0,6.0,29.0,28.0,12.0,15.0,23.0,19.0,14.0,5.0,2.0,27.0,13.0,9.0,1.0,7.0,25.0,17.0,30.0,18.0,11.0,4.0,8.0,24.0,26.0,31.0,10.0,20.0,16.0,22.0
2020,37,14.0,17.0,21.0,29.0,25.0,9.0,4.0,15.0,13.0,18.0,20.0,1.0,22.0,19.0,2.0,26.0,27.0,3.0,24.0,30.0,11.0,12.0,5.0,6.0,10.0,28.0,31.0,23.0,7.0,8.0,16.0
2020,38,15.0,7.0,12.0,29.0,2.0,6.0,14.0,5.0,25.0,28.0,13.0,9.0,3.0,18.0,21.0,27.0,16.0,20.0,8.0,30.0,22.0,11.0,17.0,19.0,4.0,1.0,31.0,10.0,26.0,24.0,23.0
2020,39,4.0,17.0,20.0,29.0,12.0,3.0,21.0,15.0,7.0,2.0,16.0,19.0,5.0,8.0,18.0,23.0,22.0,24.0,27.0,30.0,1.0,9.0,11.0,14.0,25.0,28.0,31.0,10.0,6.0,26.0,13.0
2020,40,25.0,2.0,7.0,29.0,26.0,19.0,4.0,20.0,18.0,12.0,9.0,6.0,11.0,1.0,14.0,22.0,3.0,16.0,27.0,30.0,10.0,21.0,13.0,8.0,24.0,28.0,31.0,23.0,17.0,5.0,15.0
2020,41,4.0,28.0,10.0,29.0,1.0,15.0,9.0,6.0,22.0,26.0,24.0,12.0,3.0,8.0,17.0,23.0,25.0,27.0,21.0,30.0,13.0,11.0,7.0,14.0,20.0,5.0,31.0,16.0,18.0,2.0,19.0
2020,42,3.0,17.0,2.0,29.0,23.0,1.0,12.0,24.0,14.0,8.0,9.0,11.0,13.0,19.0,10.0,16.0,21.0,26.0,25.0,30.0,18.0,15.0,4.0,6.0,27.0,28.0,31.0,5.0,22.0,7.0,20.0
2020,43,24.0,13.0,28.0,29.0,3.0,26.0,25.0,20.0,23.0,12.0,27.0,11.0,16.0,4.0,22.0,2.0,14.0,21.0,7.0,30.0,6.0,18.0,15.0,9.0,1.0,8.0,31.0,19.0,5.0,10.0,17.0
2020,44,14.0,5.0,1.0,29.0,28.0,9.0,22.0,7.0,6.0,20.0,21.0,19.0,10.0,24.0,16.0,27.0,18.0,26.0,23.0,30.0,13.0,8.0,4.0,17.0,11.0,3.0,31.0,25.0,15.0,2.0,12.0
2020,45,19.0,18.0,5.0,29.0,27.0,23.0,6.0,28.0,17.0,16.0,9.0,24.0,2.0,8.0,25.0,13.0,22.0,1.0,12.0,30.0,21.0,10.0,26.0,20.0,4.0,7.0,31.0,14.0,3.0,11.0,15.0
2020,46,20.0,19.0,10.0,29.0,5.0,23.0,27.0,17.0,15.0,12.0,3.0,26.0,14.0,24.0,25.0,13.0,2.0,6.0,4.0,30.0,18.0,22.0,28.0,9.0,8.0,1.0,31.0,7.0,11.0,16.0,21.0
2020,47,20.0,21.0,18.0,29.0,22.0,11.0,15.0,23.0,6.0,26.0,24.0,9.0,8.0,4.0,12.0,2.0,7.0,14.0,3.0,30.0,28.0,17.0,13.0,19.0,10.0,1.0,31.0,27.0,25.0,5.0,16.0
2020,48,16.0,25.0,4.0,29.0,11.0,15.0,6.0,23.0,12.0,24.0,18.0,27.0,13.0,28.0,17.0,2.0,3.0,21.0,8.0,30.0,22.0,20.0,26.0,9.0,7.0,1.0,31.0,5.0,14.0,10.0,19.0
2020,49,17.0,13.0,1.0,29.0,21.0,19.0,14.0,28.0,16.0,25.0,23.0,5.0,12.0,24.0,20.0,8.0,4.0,2.0,3.0,30.0,26.0,6.0,27.0,15.0,11.0,9.0,31.0,22.0,7.0,10.0,18.0
2020,50,23.0,14.0,29.0,2.0,3.0,5.0,10.0,16.0,15.0,6.0,9.0,13.0,24.0,20.0,27.0,25.0,19.0,11.0,18.0,30.0,21.0,12.0,8.0,17.0,28.0,1.0,31.0,4.0,26.0,22.0,7.0
2020,51,6.0,22.0,21.0,1.0,3.0,8.0,12.0,14.0,19.0,10.0,18.0,27.0,7.0,23.0,9.0,26.0,28.0,4.0,24.0,30.0,20.0,15.0,25.0,5.0,2.0,29.0,31.0,11.0,17.0,13.0,16.0
2020,52,20.0,6.0,14.0,1.0,2.0,5.0,16.0,17.0,25.0,19.0,24.0,11.0,22.0,13.0,8.0,7.0,4.0,21.0,27.0,30.0,23.0,26.0,29.0,28.0,18.0,3.0,31.0,12.0,10.0,15.0,9.0
2020,53,15.0,23.0,4.0,29.0,27.0,17.0,28.0,7.0,14.0,10.0,26.0,8.0,16.0,21.0,3.0,2.0,24.0,5.0,11.0,30.0,6.0,18.0,25.0,22.0,13.0,12.0,31.0,20.0,9.0,19.0,1.0
2021,1,19.0,26.0,23.0,18.0,6.0,2.0,4.0,5.0,28.0,20.0,24.0,10.0,15.0,13.0,25.0,9.0,8.0,29.0,7.0,30.0,27.0,11.0,16.0,17.0,14.0,1.0,31.0,12.0,21.0,3.0,22.0
2021,2,15.0,11.0,26.0,29.0,1.0,28.0,22.0,27.0,9.0,24.0,20.0,3.0,4.0,8.0,19.0,6.0,2.0,12.0,23.0,30.0,13.0,5.0,7.0,18.0,10.0,16.0,31.0,21.0,25.0,14.0,17.0
2021,3,5.0,24.0,15.0,26.0,28.0,8.0,12.0,10.0,17.0,16.0,23.0,18.0,13.0,6.0,11.0,20.0,2.0,3.0,29.0,30.0,22.0,4.0,27.0,14.0,25.0,1.0,31.0,9.0,7.0,19.0,21.0
2021,4,13.0,8.0,17.0,3.0,5.0,23.0,15.0,24.0,27.0,7.0,9.0,21.0,29.0,26.0,19.0,1.0,4.0,2.0,20.0,30.0,12.0,22.0,6.0,10.0,14.0,18.0,31.0,11.0,28.0,25.0,16.0
2021,5,11.0,21.0,2.0,18.0,13.0,12.0,20.0,9.0,22.0,17.0,26.0,6.0,7.0,5.0,19.0,27.0,29.0,28.0,14.0,30.0,23.0,24.0,25.0,16.0,4.0,1.0,31.0,8.0,3.0,10.0,15.0
2021,6,28.0,18.0,26.0,9.0,1.0,6.0,29.0,13.0,16.0,14.0,22.0,7.0,4.0,15.0,25.0,23.0,21.0,5.0,10.0,30.0,27.0,3.0,24.0,8.0,17.0,2.0,31.0,12.0,20.0,19.0,11.0
2021,7,10.0,20.0,5.0,27.0,15.0,19.0,17.0,2.0,25.0,18.0,24.0,16.0,23.0,4.0,7.0,12.0,22.0,29.0,11.0,30.0,14.0,8.0,21.0,9.0,3.0,26.0,31.0,13.0,1.0,28.0,6.0
2021,8,18.0,21.0,2.0,29.0,16.0,13.0,28.0,6.0,20.0,24.0,22.0,25.0,26.0,11.0,15.0,14.0,12.0,3.0,5.0,30.0,27.0,23.0,7.0,10.0,8.0,1.0,31.0,17.0,4.0,9.0,19.0
2021,9,19.0,21.0,10.0,29.0,5.0,27.0,2.0,4.0,18.0,23.0,16.0,9.0,25.0,6.0,7.0,22.0,15.0,11.0,3.0,30.0,8.0,26.0,14.0,17.0,12.0,1.0,31.0,28.0,13.0,24.0,20.0
2021,10,20.0,17.0,10.0,29.0,19.0,18.0,15.0,23.0,21.0,24.0,2.0,4.0,14.0,3.0,16.0,1.0,27.0,5.0,28.0,30.0,22.0,26.0,6.0,8.0,7.0,11.0,31.0,25.0,12.0,13.0,9.0
2021,11,1.0,22.0,3.0,29.0,23.0,27.0,25.0,13.0,18.0,11.0,2.0,6.0,15.0,9.0,21.0,10.0,17.0,19.0,28.0,30.0,4.0,7.0,8.0,20.0,16.0,14.0,31.0,26.0,24.0,5.0,12.0
2021,12,26.0,5.0,8.0,29.0,2.0,9.0,6.0,1.0,13.0,3.0,11.0,15.0,7.0,23.0,17.0,28.0,25.0,24.0,21.0,30.0,12.0,18.0,22.0,10.0,16.0,14.0,31.0,4.0,20.0,27.0,19.0
2021,13,8.0,18.0,29.0,2.0,7.0,21.0,11.0,27.0,9.0,19.0,16.0,23.0,1.0,14.0,20.0,28.0,25.0,26.0,15.0,30.0,10.0,6.0,3.0,12.0,22.0,4.0,31.0,24.0,13.0,5.0,17.0
2021,14,20.0,21.0,23.0,28.0,29.0,16.0,19.0,24.0,17.0,4.0,15.0,3.0,5.0,1.0,6.0,2.0,8.0,9.0,26.0,30.0,13.0,14.0,11.0,7.0,18.0,27.0,31.0,12.0,22.0,25.0,10.0
2021,15,25.0,16.0,24.0,1.0,12.0,21.0,2.0,26.0,14.0,3.0,22.0,18.0,28.0,19.0,9.0,23.0,8.0,4.0,15.0,30.0,7.0,20.0,27.0,5.0,11.0,29.0,31.0,17.0,6.0,13.0,10.0
2021,16,1.0,2.0,26.0,4.0,28.0,9.0,17.0,22.0,7.0,10.0,16.0,14.0,18.0,3.0,5.0,13.0,6.0,25.0,15.0,30.0,21.0,27.0,24.0,19.0,8.0,20.0,31.0,29.0,12.0,23.0,11.0
2021,17,6.0,18.0,2.0,28.0,11.0,27.0,9.0,8.0,19.0,26.0,17.0,13.0,29.0,22.0,20.0,21.0,3.0,12.0,1.0,30.0,7.0,25.0,23.0,14.0,24.0,16.0,31.0,10.0,15.0,5.0,4.0
2021,18,15.0,19.0,14.0,29.0,2.0,27.0,5.0,8.0,18.0,25.0,6.0,11.0,26.0,12.0,3.0,13.0,23.0,1.0,4.0,30.0,21.0,20.0,16.0,22.0,28.0,7.0,31.0,10.0,24.0,17.0,9.0
2021,19,15.0,5.0,25.0,27.0,1.0,7.0,19.0,23.0,2.0,21.0,12.0,4.0,29.0,9.0,20.0,3.0,6.0,18.0,8.0,30.0,10.0,26.0,11.0,13.0,22.0,16.0,31.0,24.0,17.0,28.0,14.0
2021,20,10.0,19.0,22.0,1.0,2.0,15.0,8.0,23.0,16.0,13.0,3.0,27.0,6.0,29.0,26.0,7.0,4.0,11.0,28.0,30.0,12.0,5.0,17.0,20.0,9.0,18.0,31.0,24.0,21.0,25.0,14.0
2021,21,19.0,12.0,9.0,21.0,18.0,7.0,4.0,13.0,16.0,22.0,25.0,6.0,8.0,10.0,15.0,23.0,2.0,17.0,26.0,30.0,29.0,11.0,27.0,20.0,5.0,1.0,31.0,28.0,24.0,3.0,14.0
2021,22,16.0,11.0,27.0,5.0,14.0,26.0,6.0,7.0,12.0,20.0,17.0,25.0,22.0,29.0,21.0,24.0,4.0,18.0,2.0,30.0,8.0,15.0,9.0,28.0,13.0,1.0,31.0,10.0,23.0,3.0,19.0
2021,23,9.0,13.0,26.0,28.0,2.0,12.0,17.0,7.0,18.0,4.0,8.0,15.0,23.0,6.0,21.0,1.0,5.0,14.0,25.0,30.0,16.0,11.0,19.0,22.0,27.0,29.0,31.0,3.0,10.0,24.0,20.0
2021,24,14.0,6.0,20.0,7.0,15.0,8.0,28.0,25.0,2.0,12.0,16.0,21.0,4.0,10.0,22.0,23.0,9.0,13.0,19.0,30.0,18.0,1.0,3.0,17.0,5.0,11.0,31.0,29.0,26.0,27.0,24.0
2021,25,11.0,28.0,17.0,8.0,2.0,21.0,10.0,20.0,16.0,27.0,24.0,3.0,15.0,6.0,13.0,4.0,9.0,25.0,29.0,30.0,26.0,23.0,7.0,5.0,18.0,1.0,31.0,14.0,19.0,12.0,22.0
2021,26,4.0,13.0,23.0,28.0,24.0,2.0,6.0,10.0,17.0,9.0,22.0,19.0,1.0,18.0,15.0,27.0,7.0,26.0,12.0,30.0,8.0,5.0,25.0,16.0,21.0,29.0,31.0,11.0,14.0,3.0,20.0
2021,27,18.0,2.0,10.0,20.0,1.0,4.0,21.0,6.0,17.0,3.0,19.0,5.0,25.0,22.0,15.0,9.0,26.0,14.0,23.0,30.0,7.0,16.0,12.0,8.0,27.0,28.0,31.0,11.0,13.0,29.0,24.0
2021,28,8.0,3.0,21.0,28.0,27.0,11.0,22.0,10.0,5.0,1.0,13.0,25.0,12.0,26.0,15.0,23.0,17.0,19.0,24.0,30.0,2.0,9.0,4.0,6.0,14.0,29.0,31.0,7.0,20.0,18.0,16.0
2021,29,8.0,25.0,20.0,15.0,7.0,3.0,21.0,10.0,4.0,22.0,18.0,2.0,1.0,9.0,19.0,26.0,27.0,6.0,24.0,30.0,28.0,12.0,23.0,13.0,17.0,29.0,31.0,16.0,5.0,11.0,14.0
2021,30,6.0,21.0,29.0,26.0,23.0,17.0,5.0,2.0,16.0,8.0,19.0,27.0,10.0,20.0,24.0,13.0,25.0,15.0,14.0,30.0,22.0,11.0,4.0,12.0,7.0,18.0,31.0,9.0,28.0,3.0,1.0
2021,31,5.0,22.0,16.0,26.0,19.0,14.0,15.0,23.0,7.0,9.0,4.0,29.0,8.0,21.0,18.0,3.0,10.0,1.0,25.0,30.0,28.0,6.0,27.0,13.0,17.0,20.0,31.0,12.0,24.0,11.0,2.0
2021,32,14.0,22.0,24.0,15.0,28.0,9.0,5.0,1.0,13.0,19.0,16.0,7.0,29.0,21.0,4.0,10.0,17.0,18.0,23.0,30.0,20.0,25.0,2.0,11.0,6.0,27.0,31.0,3.0,12.0,26.0,8.0
2021,33,6.0,4.0,12.0,24.0,25.0,7.0,27.0,28.0,11.0,9.0,8.0,2.0,3.0,14.0,18.0,1.0,22.0,10.0,23.0,30.0,5.0,13.0,21.0,16.0,26.0,29.0,31.0,19.0,17.0,20.0,15.0
2021,34,21.0,17.0,9.0,5.0,2.0,20.0,6.0,14.0,24.0,26.0,28.0,25.0,4.0,29.0,16.0,19.0,10.0,13.0,3.0,30.0,27.0,15.0,22.0,12.0,8.0,1.0,31.0,11.0,7.0,18.0,23.0
2021,35,13.0,4.0,17.0,8.0,1.0,14.0,21.0,26.0,12.0,5.0,16.0,11.0,7.0,23.0,19.0,27.0,3.0,29.0,25.0,30.0,10.0,9.0,6.0,20.0,24.0,2.0,31.0,22.0,18.0,28.0,15.0
2021,36,3.0,21.0,11.0,8.0,14.0,17.0,27.0,16.0,10.0,22.0,28.0,29.0,9.0,25.0,13.0,24.0,15.0,26.0,1.0,30.0,19.0,18.0,23.0,12.0,7.0,2.0,31.0,6.0,4.0,20.0,5.0
2021,37,14.0,21.0,6.0,15.0,4.0,13.0,25.0,22.0,12.0,28.0,26.0,27.0,23.0,10.0,16.0,3.0,7.0,20.0,8.0,30.0,19.0,18.0,9.0,11.0,2.0,1.0,31.0,29.0,5.0,24.0,17.0
2021,38,18.0,15.0,4.0,22.0,6.0,9.0,29.0,10.0,24.0,16.0,21.0,27.0,5.0,26.0,17.0,2.0,13.0,20.0,28.0,30.0,25.0,23.0,19.0,12.0,11.0,3.0,31.0,14.0,7.0,8.0,1.0
2021,39,22.0,16.0,8.0,29.0,3.0,27.0,2.0,12.0,14.0,18.0,6.0,25.0,28.0,17.0,21.0,26.0,19.0,13.0,4.0,30.0,15.0,23.0,11.0,10.0,5.0,1.0,31.0,9.0,7.0,24.0,20.0
2021,40,17.0,13.0,22.0,23.0,3.0,9.0,7.0,10.0,15.0,11.0,24.0,14.0,28.0,21.0,20.0,19.0,16.0,26.0,2.0,30.0,29.0,18.0,8.0,6.0,27.0,1.0,31.0,12.0,25.0,5.0,4.0
2021,41,6.0,5.0,24.0,8.0,29.0,23.0,21.0,20.0,14.0,13.0,22.0,12.0,17.0,28.0,16.0,3.0,15.0,26.0,7.0,30.0,9.0,19.0,25.0,10.0,11.0,27.0,31.0,4.0,18.0,2.0,1.0
2021,42,4.0,23.0,26.0,18.0,9.0,17.0,28.0,21.0,2.0,27.0,19.0,14.0,10.0,15.0,8.0,1.0,5.0,11.0,22.0,30.0,24.0,12.0,20.0,6.0,7.0,3.0,31.0,16.0,25.0,29.0,13.0
2021,43,7.0,5.0,29.0,16.0,20.0,21.0,23.0,8.0,9.0,6.0,15.0,18.0,4.0,12.0,17.0,14.0,19.0,13.0,26.0,30.0,22.0,10.0,27.0,25.0,28.0,2.0,31.0,24.0,11.0,3.0,1.0
2021,44,26.0,27.0,11.0,13.0,17.0,15.0,3.0,21.0,16.0,19.0,7.0,5.0,4.0,6.0,29.0,2.0,1.0,18.0,22.0,30.0,28.0,25.0,20.0,24.0,12.0,10.0,31.0,14.0,9.0,8.0,23.0
2021,45,16.0,14.0,2.0,21.0,29.0,11.0,4.0,8.0,10.0,20.0,1.0,3.0,23.0,15.0,9.0,22.0,25.0,18.0,26.0,30.0,5.0,13.0,17.0,7.0,28.0,27.0,31.0,24.0,19.0,12.0,6.0
2021,46,21.0,11.0,24.0,29.0,22.0,13.0,20.0,5.0,14.0,3.0,6.0,25.0,8.0,17.0,23.0,1.0,9.0,26.0,28.0,30.0,4.0,2.0,15.0,18.0,10.0,27.0,31.0,19.0,12.0,16.0,7.0
2021,47,2.0,9.0,11.0,14.0,3.0,19.0,12.0,25.0,21.0,23.0,13.0,15.0,17.0,29.0,7.0,28.0,27.0,18.0,1.0,30.0,10.0,8.0,5.0,6.0,22.0,20.0,31.0,4.0,26.0,24.0,16.0
2021,48,23.0,11.0,19.0,28.0,29.0,8.0,12.0,14.0,17.0,4.0,10.0,25.0,1.0,22.0,7.0,27.0,26.0,5.0,21.0,30.0,9.0,2.0,6.0,13.0,18.0,16.0,31.0,24.0,20.0,15.0,3.0
